BiGG_ID,CF_CD,MF_CD,Healthy
100_AT1,2.939931423,7.604512898,13.70284332
10005_AT1,6.612851813,9.413782658,1.480296071
10007_AT1,32.05709601,4.637807262,59.44701143
100137049_AT1,23.83127215,35.56950235,6.976982837
10020_AT1,19.19188087,48.12051717,4.570916698
10026_AT1,71.45896963,1.560843288,67.90478932
100288072_AT1,19.22373594,17.45202121,10.10340932
10050_AT1,9.59926547,12.32572332,16.4061077
10057_AT1,3.623252446,23.75990572,6.477707337
10058_AT1,2.3128679,21.2646562,1.372147224
10060_AT1,63.47994631,0.181510278,49.55326695
10090_AT1,20.34874066,34.17706219,7.337578593
10135_AT1,0.029272373,14.65215504,0
10157_AT1,27.12584834,26.14082866,2.107397179
10164_AT1,19.89066966,8.186303346,5.253073654
10165_AT1,6.740398901,48.74904503,4.903953776
10166_AT1,34.79472826,22.74367329,20.35775115
10170_AT1,7.104344352,65.55311547,8.968302234
10195_AT1,31.92377372,19.59146454,15.82466529
10201_AT1,15.50876094,9.077754902,11.36129696
10202_AT1,9.306060249,22.17232451,9.363631675
10229_AT1,10.84076475,41.633701,20.95220775
10246_AT1,27.90190691,5.628529296,12.39854758
10249_AT1,5.756047452,9.244456862,17.75840522
10257_AT1,8.338293536,4.37171863,31.82470415
10312_AT1,17.72672021,21.14364239,4.647961739
10317_AT1,17.23959271,13.20517083,14.87409835
10327_AT1,0.776931555,14.06117789,39.21965951
10331_AT1,14.62988016,4.799189956,16.53938055
10351_AT1,1.547830841,136.9161355,0.545961514
1036_AT1,1.143693617,18.16746618,112.85497
10380_AT1,9.630662131,7.210442528,19.13032874
10390_AT1,45.76102014,54.05627086,64.3061599
10396_AT1,51.16554186,7.83698393,12.16004372
1040_AT1,15.2152685,3.372193865,30.67761428
10400_AT1,3.349432941,25.9629037,4.049577536
10402_AT1,9.390254664,2.196530898,11.8656192
10423_AT1,3.773088122,14.90314249,32.04961961
10449_AT1,0,26.22251047,0
10455_AT1,10.24551005,14.86767548,0
10478_AT1,0.870256543,7.459587524,13.89578451
10553_AT1,14.94543045,18.92394492,8.62804723
10554_AT1,36.89027594,10.30044075,6.499451668
10555_AT1,152.9464822,280.1258358,180.5193953
10558_AT1,24.22641364,12.53806102,32.86814327
10559_AT1,27.03852342,14.31965219,81.89761312
1056_AT1,8.834755386,25.29647455,12.6051423
10560_AT1,1.51557218,1.715955166,73.46777998
10568_AT1,14.09103267,26.90498783,20.099696
10587_AT1,8.272997254,21.11832939,9.766164695
10588_AT1,11.08645494,1.919298355,6.265285074
10599_AT1,15.11743668,13.87469898,8.175026127
10606_AT1,3.577746047,7.41157082,0.678170411
10610_AT1,15.61823061,8.679718006,10.26515872
10654_AT1,26.01500412,56.94281031,11.82887417
1066_AT1,38.04533624,4.714435241,330.960993
10678_AT1,40.55811539,57.1502952,2.303550129
10682_AT1,3.337216033,28.96128904,2.181471361
10690_AT1,15.61727321,12.02636651,20.03449915
107_AT1,26.11948413,17.08515523,11.63277875
10715_AT1,23.62044615,13.53660453,14.10062831
10720_AT1,23.23458874,11.60731174,16.27421343
10723_AT1,3.005961853,25.45807308,24.17449279
10728_AT1,2.002089356,9.211377332,0
10768_AT1,14.02526918,10.34540714,0
10786_AT1,12.72537882,7.591085247,19.00319511
10797_AT1,12.95644587,2.724665924,6.034360652
108_AT1,24.84236316,2.697298112,12.10469396
1080_AT1,16.34341631,11.69856638,15.43321727
10825_AT1,28.41991124,26.01785505,18.57573322
10826_AT1,1.42387307,24.21406073,71.36488251
10840_AT1,6.241067793,14.50973956,0.029851246
10841_AT1,14.56914145,9.800369851,5.855017967
10846_AT1,26.31286805,26.02974985,32.62692872
10858_AT1,20.33914099,6.896326731,22.44219168
10861_AT1,4.756626073,26.86165025,19.83892883
10864_AT1,10.53355901,11.72035569,13.92507234
10870_AT1,48.98438938,20.46953273,7.938382981
10873_AT1,16.97424803,39.21264681,33.29805844
109_AT1,5.364517822,34.3275848,6.881031172
10901_AT1,10.88157274,6.055662435,9.297456532
10905_AT1,4.919892461,1.108418777,37.52124348
10919_AT1,18.59140555,9.814005595,2.418374223
10928_AT1,13.55278836,40.93816506,6.183368255
10935_AT1,166.9741343,133.1467989,160.7267303
10941_AT1,28.13653977,22.52986797,18.58770857
10948_AT1,6.298216461,21.34208494,41.16130542
10965_AT1,9.153586551,26.23511907,15.85220066
10975_AT1,13.32738488,38.13129075,0
10991_AT1,7.25180725,11.43762147,13.55362616
10993_AT1,37.07858809,11.33420871,13.8198219
10998_AT1,16.35702458,19.15720719,11.6329272
10999_AT1,14.56856186,22.21507258,26.61091188
11000_AT1,1.493550496,4.810947907,9.078104755
11001_AT1,25.21320367,11.5131789,4.371867369
1103_AT1,8.976218205,22.42339462,16.00332456
11041_AT1,4.348593555,34.65359907,57.83437354
11046_AT1,7.856378541,12.05952536,7.736071971
1109_AT1,13.09879935,11.52142648,15.03636604
111_AT1,4.581261509,15.07403984,3.624778177
11102_AT1,3.952923643,13.4512269,27.15783849
11112_AT1,0.868416392,12.14614593,0
11136_AT1,10.10597957,11.53009965,12.21303255
11164_AT1,2.554057685,27.47936551,52.14290729
1118_AT1,14.42448684,10.8089545,14.26123506
11181_AT1,18.16917843,16.17097622,12.25301756
11182_AT1,6.745712735,14.432987,26.70516832
11185_AT1,5.098352724,9.220878239,3.942387591
1119_AT1,0.710319658,12.47297742,17.50859204
112_AT1,8.554296738,25.00702774,49.16630755
1120_AT1,27.89978874,16.63470508,28.80440143
11226_AT1,35.11670065,35.40665098,19.11912374
11227_AT1,36.58344159,9.176264541,12.17309791
11238_AT1,13.15096219,6.688349204,1.397204256
112483_AT1,0,0.161718424,78.90858271
11253_AT1,9.032336876,31.42387543,16.26267492
11254_AT1,14.13453462,17.36692913,12.15746794
112611_AT1,3.335647641,1.527241955,17.0946063
112724_AT1,11.71847771,15.35791886,19.47252285
11282_AT1,19.17835891,6.200142842,27.40006535
11283_AT1,15.34436791,19.1662063,10.99762386
11285_AT1,16.3252718,41.33247145,2.507763831
113_AT1,3.72523247,32.2123554,22.27342572
113026_AT1,39.44490473,15.64486185,26.99456023
11309_AT1,81.61211515,45.47123551,12.45161441
113189_AT1,12.98927543,22.71297582,10.79041861
11320_AT1,29.60311355,26.71208803,2.329021594
113235_AT1,27.96475089,13.29422865,15.17573568
113278_AT1,11.44028597,11.87412355,17.76996237
11332_AT1,16.27873931,21.52316667,11.7253411
11343_AT1,20.18095375,25.80368478,4.950593351
113451_AT1,13.66528827,21.32841593,15.62036761
113452_AT1,12.81933545,5.73013379,1.154180256
113612_AT1,14.60342502,32.32894072,63.52129537
113675_AT1,3.023181078,7.073493106,2.679347844
114_AT1,8.513249018,10.64249461,14.57730501
114112_AT1,16.49507781,13.47576223,7.837869732
114134_AT1,9.971129616,11.33336121,16.77133363
114571_AT1,19.91736581,14.53741353,13.12900406
114805_AT1,12.47134873,15.00871713,3.871238228
114971_AT1,0.51521976,15.54776008,6.700188395
115_AT1,8.3553339,19.10454944,16.5717374
115019_AT1,17.76347088,23.09469522,11.53979822
115111_AT1,5.246936064,21.02793123,23.16682061
1152_AT1,9.448412005,0.118041688,32.92058944
115286_AT1,4.063567464,5.262706334,6.580364369
1155_AT1,11.02496456,1.610751443,76.2604652
115584_AT1,14.18071246,10.73513742,8.83574929
1158_AT1,21.63347028,18.389963,10.58115771
1159_AT1,10.78633945,17.53098573,8.655707268
1160_AT1,34.23767645,4.151157719,2.686510109
116085_AT1,13.46705132,13.05014592,16.75815421
116255_AT1,12.65294494,8.98204145,28.57733944
116285_AT1,14.67347508,10.67892246,10.47508384
116369_AT1,21.08046285,14.73371822,19.6150553
117247_AT1,10.20088245,15.65954391,6.948376667
117248_AT1,10.17364865,2.543925019,64.8946296
117283_AT1,25.10471351,18.42732904,6.701929315
1178_AT1,12.94273376,2.565011313,1.996901368
118881_AT1,22.04143479,9.108276118,12.32361721
119548_AT1,8.344839702,4.983089546,9.082437807
1200_AT1,81.71496714,53.92135984,3.556039641
120103_AT1,7.736868004,26.94307811,6.112006336
1208_AT1,9.960148818,14.74874521,11.71691712
121214_AT1,7.851296118,11.77698033,11.07067001
121278_AT1,25.55555863,18.07378267,24.94195703
1215_AT1,34.49535286,4.997872058,61.79969763
122481_AT1,12.2289407,15.98215165,13.56000446
122618_AT1,1.696620972,16.83960551,17.69849894
122970_AT1,3.210244569,67.87272046,15.94766896
123041_AT1,7.681037357,23.89255665,26.11461762
123096_AT1,20.41070362,47.11059274,32.07317819
123099_AT1,26.08164665,13.34067512,9.823481204
123264_AT1,39.8998279,2.288981754,24.63624668
123688_AT1,17.57764522,14.18704516,21.70582098
123745_AT1,16.68602327,9.306639816,11.99600411
123876_AT1,15.41112228,15.1085668,8.319090047
124_AT1,5.217445463,53.64469138,11.45453343
1244_AT1,27.8603432,23.68537997,29.44750053
124583_AT1,15.84415205,12.12707497,8.564851895
124637_AT1,51.90593147,1.10052681,26.88940583
124872_AT1,12.98345012,21.57690526,12.16646989
124935_AT1,18.60146375,8.718364714,9.282138246
124975_AT1,25.21058556,7.778182289,14.9234889
125_AT1,131.9460505,214.0610459,636.0860954
125061_AT1,20.9866946,21.78304735,24.05824129
125206_AT1,15.43036133,16.02121378,5.873157843
125965_AT1,17.27230191,14.05640399,26.2103394
125981_AT1,12.39264244,19.11084125,5.186436197
126_AT1,7.745425086,4.549578386,8.446159068
126129_AT1,7.907571564,13.67299406,3.948205736
126328_AT1,16.5196338,0.210826127,25.19768806
126410_AT1,18.65782085,14.63603288,2.249129332
1267_AT1,5.855526124,24.92803927,4.099620515
126792_AT1,3.883344215,15.76336493,1.548701682
127_AT1,26.84715838,2.917323755,2.378046195
127124_AT1,20.27355831,17.42420735,13.98116103
128_AT1,2.690275725,130.1019813,12.29405736
128869_AT1,0.993533832,2.247886653,1.746217552
129607_AT1,23.82895524,1.506641657,28.10533396
129642_AT1,4.573752702,18.16054338,12.23154346
129807_AT1,12.1315123,14.71805758,8.671152364
13_AT1,10.91053302,19.56165857,71.45356585
130_AT1,30.86767156,9.743854072,8.701564145
130013_AT1,15.40123933,16.2217035,8.606461417
130367_AT1,6.686826393,19.89817609,3.855614615
130752_AT1,10.00082517,21.86581511,20.59921346
131_AT1,15.87947569,30.82363711,18.1522761
1312_AT1,2.915696919,39.23798844,9.977454198
131669_AT1,25.02361052,8.652151679,12.78392314
132_AT1,5.493597074,40.49573892,9.622466903
132158_AT1,0.219954133,13.82467206,16.73301905
1327_AT1,255.194054,123.6141816,24.54474404
132789_AT1,1.410795096,40.21598993,2.189244675
1329_AT1,59.95409734,210.9973673,210.5202741
133121_AT1,10.3497688,19.82709077,13.41406436
1337_AT1,119.1959135,207.5454384,121.3095302
1339_AT1,16.00854197,16.59560949,12.09137895
1340_AT1,0.580752147,24.66953908,0.574116836
1345_AT1,0.26319694,109.1822052,47.13343556
134526_AT1,17.49492833,7.728370807,8.881326739
1346_AT1,137.4060718,63.33257926,353.3142576
1347_AT1,11.97295684,149.4206248,234.5592156
1349_AT1,0.602804132,2.761534941,0
1350_AT1,282.3266134,268.4463947,152.7571153
1351_AT1,66.75260048,93.60489817,26.88861359
135152_AT1,5.284607713,21.31580753,21.08027991
1356_AT1,0.802370653,3.991525151,17.77010958
1357_AT1,22.95265791,11.91720454,10.34672242
1358_AT1,27.30051303,20.6145344,7.170162066
1371_AT1,10.84046924,31.27205512,28.49883942
1373_AT1,33.99386942,0.325547903,21.91325049
1374_AT1,1.18573754,8.735885811,1.837352171
1375_AT1,8.314961521,58.77303429,11.41115446
1376_AT1,15.42164078,34.28491819,14.0421092
137872_AT1,0.454838156,26.1239515,13.52762584
137902_AT1,3.215807103,10.23455108,3.553804614
137964_AT1,2.847776985,17.50220633,32.78561672
1384_AT1,5.785130805,7.252388887,6.745814307
138429_AT1,13.74085565,15.68627772,9.146366841
138639_AT1,15.53857892,28.45064517,24.78094053
139596_AT1,7.561108476,17.71959957,9.068154567
140679_AT1,16.35141406,10.38313775,3.887002427
140687_AT1,17.46286259,12.49220162,15.96416103
140838_AT1,11.94132988,11.31218636,16.09426982
142680_AT1,9.177002139,15.32679067,21.90734441
1431_AT1,9.645312166,19.53567595,27.54529917
144193_AT1,24.64712755,7.757680071,10.62608645
144195_AT1,24.7910886,18.25292177,15.17187533
145173_AT1,24.36443848,5.133017392,12.21566202
145226_AT1,15.59862887,21.82539313,17.06778789
145553_AT1,7.437895139,20.00691688,98.00625839
146664_AT1,9.538940115,14.85992076,28.54704231
146712_AT1,4.002382141,22.13126649,6.188633932
1468_AT1,13.63882367,11.06822341,5.760081174
146802_AT1,17.8614948,12.67082763,25.50310754
1487_AT1,6.722504794,44.45400396,28.965892
148789_AT1,17.28202729,11.103264,12.84621101
1491_AT1,8.79092319,59.27800825,11.71818174
15_AT1,11.78171024,6.57902544,14.4922591
1503_AT1,3.62654528,5.116223701,42.43728627
151531_AT1,8.923044905,24.82890646,19.96493885
152586_AT1,15.21020562,11.59756684,12.43020816
153201_AT1,31.35289764,11.44002479,11.32543339
1537_AT1,0.018437487,154.4222857,10.41167126
154091_AT1,15.29978914,10.00193279,6.324353123
154141_AT1,14.46691367,8.753819636,40.53996743
1543_AT1,13.26558148,17.66568159,12.4166247
1544_AT1,14.1562653,16.90602509,13.54465591
1545_AT1,17.70445822,0.06613616,59.35133269
1548_AT1,24.73152049,19.0602693,6.504358907
1549_AT1,15.05380471,9.401346312,18.53526314
1551_AT1,24.35786608,12.49195019,27.43830171
155184_AT1,20.0644009,4.632978898,24.62170865
1553_AT1,33.74862683,14.85424025,17.06357906
1555_AT1,26.66309215,11.18748696,7.37238676
1557_AT1,13.61578806,8.585170276,14.61548064
1558_AT1,13.45679432,14.66668835,12.77795111
1559_AT1,11.19373849,13.60651417,20.50701979
1562_AT1,5.947129799,23.08947145,14.70002827
1565_AT1,14.21240924,17.24296964,7.566662798
1571_AT1,10.54502196,15.84925681,18.35977384
1572_AT1,9.042935466,12.12242424,17.76535156
1573_AT1,15.82684577,12.08274609,8.85672825
157506_AT1,45.92262863,10.11248122,13.93774154
1576_AT1,12.06854655,18.87865367,25.52265041
1577_AT1,12.47991001,8.039118954,9.296435865
1579_AT1,8.338984755,32.48630042,14.13407715
158_AT1,29.14520278,48.14940797,6.909291321
1580_AT1,4.430010937,34.17010083,9.350881072
1581_AT1,17.67811998,6.566728103,20.88195061
1582_AT1,17.91500518,18.96272499,23.63222757
1583_AT1,35.60339958,5.019989182,1.549194442
1584_AT1,5.702668653,11.0967358,3.586221682
1585_AT1,23.25853115,3.665719192,6.194764655
158584_AT1,23.0576779,18.195602,46.8795099
1586_AT1,13.25595774,9.933273601,14.86751067
1588_AT1,23.42365622,7.909727511,20.17700361
1589_AT1,29.07761185,11.04701793,26.04025457
1591_AT1,22.56857428,14.14454991,8.525889114
1593_AT1,3.586037522,33.26841289,2.514301195
1594_AT1,10.00351407,10.80182859,6.070455394
1595_AT1,15.54639661,2.244887768,13.74675178
159963_AT1,17.7716757,9.420118423,12.97176066
160287_AT1,14.09163959,18.99088169,10.47525927
1603_AT1,23.72967988,84.91891029,308.7491253
160428_AT1,2.425253569,8.10454194,30.81664164
1606_AT1,29.28713307,17.6994034,19.05625082
1607_AT1,21.38881241,15.68723502,18.59405765
160728_AT1,8.568277243,10.11193431,7.432831636
1608_AT1,16.26637032,16.33567833,23.05776344
160851_AT1,41.71107256,14.54313968,27.56791955
1609_AT1,18.86114579,20.28273782,23.79299835
1610_AT1,20.8981617,11.31707126,5.295961557
1621_AT1,19.95081158,18.10536178,7.305034499
1622_AT1,5.425912689,116.9723918,21.60360853
162417_AT1,12.72024882,13.5729084,12.9807728
162466_AT1,8.575911528,20.39531022,53.6666558
1629_AT1,1.451339707,3.624894019,0.659099427
1632_AT1,31.36674703,34.60113502,33.91562299
1633_AT1,84.54988456,8.059787102,7.187201285
163404_AT1,12.91182116,17.80931146,13.35357798
1635_AT1,4.809592206,14.47388972,59.24107184
1636_AT1,22.16429859,11.62146525,9.089159808
1638_AT1,15.94271572,9.620651501,4.09090007
1644_AT1,25.57675529,11.8330411,17.68076933
1645_AT1,3.139169847,3.223892295,0.240745827
1646_AT1,10.25878493,1.21237047,0.419822748
1650_AT1,0.16288153,183.6692871,0
166012_AT1,11.47002856,18.72618229,13.14083656
1666_AT1,0.093622171,1.775496783,0
166785_AT1,20.7811713,3.52176878,20.97266379
166929_AT1,4.739467038,9.28957316,10.62456709
168391_AT1,18.29072451,7.506804013,15.64865632
169355_AT1,23.02946506,15.13145454,8.742580641
170384_AT1,0.999501994,20.19546862,2.025679129
170712_AT1,7.753401376,4.722624624,6.924880686
171425_AT1,26.78670726,11.35999665,20.89362739
1716_AT1,10.38609451,1.525963186,10.72454781
1717_AT1,23.82596127,13.88160025,7.393275482
1718_AT1,2.629502093,2.921388163,1.881641377
1719_AT1,5.23744483,39.28145357,31.86936305
1723_AT1,10.21114664,27.73667459,13.83287944
1727_AT1,57.95331219,55.00708543,25.03505182
1728_AT1,26.51200878,2.329006004,11.89266299
1733_AT1,16.43905089,24.9692645,7.540402627
1734_AT1,7.972827985,7.93576064,11.30311279
1735_AT1,12.53150897,11.52429022,28.81890301
1737_AT1,41.66690964,51.1812872,7.201197773
1738_AT1,15.83561633,9.327059236,0.997753159
1743_AT1,1.78475128,1.498128626,1.365897634
175_AT1,11.91372161,33.98523681,18.38692281
1757_AT1,10.86896766,17.32186392,13.26694059
178_AT1,15.53147449,38.48110197,72.49896611
1786_AT1,4.352727477,3.103300968,22.70040045
1787_AT1,15.95339639,22.23080264,14.98184484
1788_AT1,5.643659961,3.279983705,13.11164954
1789_AT1,4.000298313,7.750071536,15.72442064
1798_AT1,19.81075072,5.274834316,10.52797376
18_AT1,42.60021416,26.29585061,20.19075498
1800_AT1,27.06889938,22.94593483,17.98421821
1806_AT1,0,13.76336708,42.70695521
1807_AT1,14.16729281,9.187796535,6.669571239
1808_AT1,0.82456496,44.55336222,12.15761738
1809_AT1,27.22011661,11.69049733,22.12103525
1811_AT1,21.06224391,14.02374231,6.251362457
1836_AT1,1.508897045,10.52946088,3.49709842
1841_AT1,6.58558371,2.089116347,4.570420565
1854_AT1,18.76469097,6.673080277,33.04442212
189_AT1,16.63668765,7.755451284,20.64596641
1890_AT1,0.062833395,4.623964579,0
1891_AT1,0.053375644,59.57624784,53.11632882
1892_AT1,0.817068039,298.2137218,211.7427241
19_AT1,0,2.865708573,34.86331974
191_AT1,1.403482648,46.33194307,2.024126385
192134_AT1,12.87822063,17.10817219,14.1218507
192286_AT1,48.14300176,87.1883597,0
195814_AT1,25.23915048,19.04804903,20.9156355
196051_AT1,16.65772033,21.68853683,21.17549843
1962_AT1,2.208221791,51.86231173,0.75387446
196883_AT1,6.156385989,14.79174737,9.672900283
197257_AT1,34.12018681,20.22926476,7.816325193
199974_AT1,10.54341937,19.82651692,19.49971075
200010_AT1,18.23379885,8.676520277,23.37612639
200576_AT1,6.092053108,30.13970933,5.200952301
200931_AT1,10.71171521,5.476923737,12.11122086
201164_AT1,7.61782226,8.874559073,14.23787295
201562_AT1,1.90792881,1.11517922,41.65050353
201595_AT1,0.559000423,1.657926426,0.12717653
2023_AT1,31.54377642,169.0987361,116.1115494
2026_AT1,2.627032851,13.25535326,23.61385559
2027_AT1,7.715244825,12.44333008,19.79999747
203_AT1,10.59518698,12.65872971,0.822003707
2030_AT1,13.89785405,17.46040299,57.8372606
204_AT1,6.657207158,55.29633684,69.82241138
204219_AT1,9.524583297,5.931517242,21.25942671
205_AT1,13.454312,33.21438545,19.6385415
2053_AT1,20.40028097,37.06804683,15.08923083
206358_AT1,31.57108413,5.241747768,22.01470994
2098_AT1,0,30.71775688,0
21_AT1,3.866689727,8.202162684,17.75618633
210_AT1,5.927135901,35.16832832,55.97232078
2108_AT1,6.319825874,31.18222246,2.2572393
2109_AT1,20.17155248,0.730702993,56.01722942
211_AT1,2.252744054,30.56163861,24.98017722
2110_AT1,32.00635878,31.28466205,75.24048878
212_AT1,53.77048755,23.33859661,19.33984375
2131_AT1,12.92387062,4.771516141,13.84130977
2132_AT1,11.34887448,12.70439579,2.148598265
2134_AT1,23.78980033,15.36236048,10.43915029
2135_AT1,4.261547541,16.81443223,1.569555012
2137_AT1,30.24639642,14.26693897,14.38688016
215_AT1,6.347358348,24.76604459,11.0560222
216_AT1,98.20350941,130.1854276,461.773196
2167_AT1,71.9924231,403.2215233,731.0288014
2168_AT1,20.02308391,8.605878027,18.98922596
2169_AT1,17.33672383,13.73584814,12.2968814
217_AT1,0.11077627,57.71651666,0.27657982
2170_AT1,1.44671834,19.10450356,55.43389885
2171_AT1,0.478803947,101.1315232,8.334218371
2172_AT1,12.93346785,20.22945631,6.891592642
2173_AT1,22.79277887,14.71081161,23.00285746
218_AT1,14.29051063,20.18736192,12.66964332
2180_AT1,415.1706628,213.2544091,635.0113117
2181_AT1,17.95387324,37.80689063,1.964884587
2182_AT1,5.667535698,5.857244597,0.42626259
2184_AT1,7.119436991,22.22605909,25.67353595
219_AT1,3.552032469,30.93961544,42.18916766
2194_AT1,0.31590311,16.2737421,0
220_AT1,46.42500608,4.850416542,18.3793754
2203_AT1,2.90676852,11.96450407,5.098422418
221_AT1,22.35077666,2.117433726,21.88948082
221223_AT1,19.25771556,17.3199709,32.04742102
221823_AT1,19.46967438,16.97005356,6.740078281
221955_AT1,11.39185383,4.386432409,12.7609171
222_AT1,15.75962553,17.95410683,18.75740087
2222_AT1,5.761471512,18.91330077,2.554134486
2224_AT1,21.53919575,3.514323931,74.46324709
222537_AT1,21.26095862,8.35655063,8.736188824
222962_AT1,9.990349382,8.404896105,3.559505355
223_AT1,0.011963773,30.49450385,8.655400103
2235_AT1,13.27204864,1.993667412,12.01454301
224_AT1,0.222382837,2.063529007,0
225_AT1,14.17990234,15.03150757,51.81723992
226_AT1,7.771979313,0.744470367,4.058546098
2271_AT1,0.406277929,5.664927408,0
22856_AT1,16.83787734,43.36656302,0.753303426
22876_AT1,2.283440403,8.405565566,11.05590438
229_AT1,22.05656742,21.59482349,59.9896594
22908_AT1,38.35458367,1.95814567,0
22928_AT1,40.10292043,43.1161562,17.10266263
22929_AT1,39.39628384,14.19343285,16.65013883
22934_AT1,25.34794938,19.42406921,3.099041562
22978_AT1,69.96648592,2.354378823,2.64730666
230_AT1,1.215439382,8.738736217,6.590903465
23007_AT1,13.46017274,8.110997642,14.61698343
23057_AT1,26.64156236,18.6221127,5.543424902
23067_AT1,23.75471543,10.02782043,11.7878353
231_AT1,28.44775365,0.483185986,0.7545114
23169_AT1,12.15553479,21.97671456,6.76949933
23175_AT1,16.55674232,34.09784748,65.58783486
23203_AT1,2.358496438,29.38419566,0.884356118
23205_AT1,9.838600556,5.335550387,11.15696786
23236_AT1,8.622569291,3.181840423,16.56971374
23250_AT1,23.42673539,6.636432867,3.876700612
23262_AT1,16.65575796,29.87816432,2.216540027
23305_AT1,15.81033316,11.31284062,15.72452096
23315_AT1,6.051937236,22.61562288,30.37327415
23371_AT1,63.34257803,51.43521872,5.306935146
23382_AT1,11.93182219,10.22455399,20.0363374
23396_AT1,16.72416386,10.16786969,12.62140912
23417_AT1,28.34133303,7.791887659,7.770798787
23428_AT1,1.556626023,23.3350139,14.86931491
23430_AT1,2.50160156,13.67674954,10.43153394
23439_AT1,10.35858827,10.98770969,14.49378847
23443_AT1,8.069792138,3.633624274,10.10496343
23464_AT1,25.15318276,5.569892678,13.20605488
23475_AT1,15.8318862,39.49611169,0.351154066
23478_AT1,0.125723215,31.35487026,3.30790199
2348_AT1,12.58398239,29.95538533,11.27410316
23483_AT1,55.58336522,38.75493395,70.29639883
23491_AT1,11.74792699,10.56600875,29.32534994
23498_AT1,3.604230899,4.46551778,23.20819309
2350_AT1,8.310761683,80.32438957,0.55858277
2352_AT1,8.859793161,1.445186127,4.357611216
23530_AT1,27.01263229,3.825092342,59.66656348
23533_AT1,29.58644548,27.8714826,17.9766341
23539_AT1,2.692729083,18.98330928,9.341064097
23545_AT1,8.318728802,5.303366996,11.43204206
23556_AT1,29.2328598,7.303142388,16.38047803
2356_AT1,2.021521318,4.757524212,3.191651329
23563_AT1,14.78057999,7.118830922,10.55995268
23600_AT1,5.179981245,13.91382326,23.27231554
23632_AT1,19.92103793,7.760317398,30.63201064
23646_AT1,0.58801216,25.57961665,10.14043621
23657_AT1,13.96247126,6.580158314,14.97898318
23743_AT1,29.13697986,30.97038193,76.53076316
23761_AT1,21.92722488,27.28189696,40.93312018
239_AT1,32.04301921,8.713118646,9.001870353
24_AT1,11.5022216,20.58225492,6.698288225
240_AT1,7.301469503,9.898619519,6.269341836
242_AT1,21.61893171,31.79749657,15.40772474
245972_AT1,16.04702129,14.83650217,7.847231429
245973_AT1,31.92900136,29.39133619,6.046031406
246_AT1,36.47762389,18.30685704,12.04692604
246213_AT1,11.98213061,10.96097961,30.22606558
247_AT1,11.64054911,12.02567221,14.71977399
248_AT1,24.4903596,13.75642318,32.80068953
249_AT1,10.29440404,23.804042,28.56408023
2495_AT1,0,7.055818007,33.51997338
250_AT1,24.13865521,16.44465434,8.974302241
2512_AT1,673.8872094,352.8282255,607.2367534
2517_AT1,0,145.9080583,17.39685936
2519_AT1,97.20399254,9.071823774,66.81678959
2523_AT1,13.52705775,17.87048761,15.53318258
2524_AT1,7.528633729,12.83214094,15.78455064
2525_AT1,7.167899698,26.34489828,8.467893473
2526_AT1,11.04449314,3.653481964,8.130506537
2527_AT1,19.52035914,17.56647985,6.853172641
2528_AT1,8.107563232,34.88348807,10.38782237
2529_AT1,14.65066582,8.482719468,5.643343094
2530_AT1,44.85476235,28.52410326,12.34569499
253017_AT1,9.92209207,28.43011365,7.187648171
2531_AT1,3.743351908,9.635001351,24.36535741
253430_AT1,16.9352185,2.392181904,20.42670201
253558_AT1,12.3461657,15.79559255,19.91477923
253782_AT1,1.134572722,35.53512647,71.76334013
2539_AT1,11.47987941,7.635121909,15.71040199
2542_AT1,4.434272599,2.631584765,13.82649633
2548_AT1,6.633634446,12.94953782,1.476395998
256435_AT1,26.48918305,5.905202029,13.70082118
257068_AT1,28.65770791,16.37224649,19.47778501
2571_AT1,6.536925304,6.95683194,7.522203952
2572_AT1,16.92914312,13.19660797,9.149060223
257202_AT1,18.84039398,14.97011908,9.465286228
25769_AT1,11.91723739,16.89112404,15.29698365
25796_AT1,20.77234319,3.424427076,10.40024356
2581_AT1,53.86343724,2.034771291,41.88707165
2582_AT1,16.94191856,19.33857797,23.17080343
2583_AT1,11.3403772,19.24118745,19.00267456
25830_AT1,18.86182175,18.3843266,4.861320488
25834_AT1,10.03882859,9.28964499,9.772667346
2584_AT1,24.77099708,13.66482282,22.75563064
2585_AT1,49.14855243,42.78186743,0.858150252
25874_AT1,4.67622013,0.729517171,0
2588_AT1,37.17615309,29.45312601,19.74229316
2589_AT1,7.558311665,37.07397425,0.110480436
2590_AT1,5.80320816,3.206121384,14.04687243
25902_AT1,7.276275444,15.24545869,11.03656956
2591_AT1,14.24797258,1.339571035,10.01726253
2592_AT1,78.38585673,27.08334017,4.639214646
259230_AT1,84.42231683,28.32207526,50.91128474
2593_AT1,5.374433707,30.60615172,14.22389471
259307_AT1,9.975109043,12.30292883,9.139076067
2595_AT1,6.067564044,2.563112286,4.341152347
2597_AT1,299.7217343,165.7205026,356.8875718
26_AT1,8.570213967,3.088533442,9.755437717
26002_AT1,14.43652844,18.73977056,22.24492193
26007_AT1,18.47525051,5.629704402,7.372791005
26027_AT1,15.38282668,16.1241325,8.748165216
260293_AT1,25.31437963,10.97504462,22.09361773
26035_AT1,63.18348288,69.43142418,15.09961139
26061_AT1,9.560905825,36.4469702,44.28704555
26063_AT1,15.94928686,11.30298272,12.72740855
2618_AT1,36.23674976,41.14876693,21.98596949
262_AT1,4.211227704,7.272310351,25.44624565
26227_AT1,0.12400834,44.31844067,80.33010867
26229_AT1,5.906207758,4.777743303,8.228303729
26266_AT1,15.3307083,16.66942399,8.13685862
26275_AT1,18.7732495,26.92476358,53.44823001
26279_AT1,28.10817489,18.47137167,14.96308359
2628_AT1,7.278319076,11.78542508,31.30318045
26289_AT1,21.86771104,18.90625308,38.8838552
26290_AT1,13.45595401,11.37724464,4.243952145
26301_AT1,12.94446029,17.05262697,28.80539522
2632_AT1,0,34.34555012,0.917911304
26330_AT1,15.79066064,12.8858522,16.88765988
2639_AT1,12.29725617,40.30566405,5.189862583
2643_AT1,4.490240494,21.67104198,18.53300406
2645_AT1,36.80036811,28.90500148,19.58668244
2650_AT1,9.915185031,4.883290454,16.99485951
26503_AT1,1.984460739,36.86845365,35.18848787
2651_AT1,14.73041286,21.68452659,9.637207294
2653_AT1,4.299204539,15.73037707,4.889250618
266722_AT1,12.59413566,8.895660097,5.44389466
266740_AT1,10.48967019,13.87066368,14.26460511
2673_AT1,76.90789332,6.109089176,20.5146937
2678_AT1,17.62803574,12.79031141,12.84933005
2683_AT1,13.38023387,25.4442463,4.891898141
2686_AT1,6.040903672,1.975469581,14.27225912
2687_AT1,6.58377399,3.433910584,17.47911346
26873_AT1,9.84953948,6.914233849,7.432302426
270_AT1,17.25774506,32.18139037,16.38390061
27010_AT1,3.7097221,12.26468895,11.67766381
27034_AT1,1.59706396,51.52406706,5.587642712
27068_AT1,24.53805252,2.167080955,47.67898844
27087_AT1,10.50619886,8.452372056,6.75365027
27089_AT1,2.41222367,13.67926334,0.413215261
27090_AT1,8.922951979,32.35955598,9.581489575
271_AT1,14.82731081,9.87546634,14.21912636
2710_AT1,17.19156173,30.51528533,22.96969153
27115_AT1,4.477144998,38.14051336,43.43392024
2712_AT1,6.93436703,14.33749764,11.0107048
27124_AT1,17.27208131,24.5921839,13.43172306
27159_AT1,7.47880597,20.83469758,7.456036706
27165_AT1,16.09332473,14.11043841,12.05842661
2717_AT1,50.83377562,14.69774971,1.819573661
272_AT1,6.810848475,19.5687018,13.85299414
2720_AT1,15.28304409,26.45317581,43.41129671
27232_AT1,28.09255217,13.04458263,9.550291968
27235_AT1,1.58188325,54.74204156,1.82981983
27284_AT1,27.96312367,7.421141837,13.62839157
2729_AT1,0,65.86612682,31.6475298
2730_AT1,12.18573384,3.759957276,2.140298795
27306_AT1,16.02441744,9.790988999,4.452558821
2731_AT1,21.30725108,16.74360792,23.86509244
27349_AT1,16.450764,6.104051484,20.19778166
2739_AT1,0,62.75083892,39.41511929
27430_AT1,1.589109447,18.46898218,44.48468356
2744_AT1,3.675239606,5.258578365,28.27343884
2745_AT1,33.52209159,19.14507242,31.91308998
2746_AT1,0,151.3115536,0
2747_AT1,11.40563575,11.51988301,8.628270158
275_AT1,13.04194241,3.450968139,8.066918599
2752_AT1,271.6760336,333.0793602,64.24658039
276_AT1,14.57870668,9.539688153,11.67651813
2760_AT1,40.32643736,10.69829221,60.4185519
2762_AT1,19.58727398,7.14697695,33.56665474
2766_AT1,10.30222009,6.932649983,2.105776657
277_AT1,14.85645168,5.765284419,13.99250832
278_AT1,20.5414244,15.3388913,14.7261823
279_AT1,20.47832511,14.63314294,9.549727017
2799_AT1,0,28.27744094,195.0913904
28_AT1,7.52918674,20.33312081,13.87827457
280_AT1,5.039681313,5.138722257,17.98780331
2805_AT1,6.707512908,32.32077794,10.62506494
2806_AT1,18.8954662,42.30196934,4.41987187
2819_AT1,35.65243211,264.8990002,489.2784443
2820_AT1,32.11525497,18.4329588,7.440245479
2821_AT1,13.40730035,48.72865429,35.49755154
28231_AT1,24.59309947,6.448712276,4.408390357
28232_AT1,9.245385232,4.344588129,18.08002678
28234_AT1,26.08535464,21.59868065,5.900652558
283208_AT1,32.31471223,7.36688793,18.35224246
283209_AT1,9.032068343,3.494797316,12.26385132
283358_AT1,13.80470761,13.60661756,25.28862466
283985_AT1,10.97201007,17.84833105,19.85226514
284098_AT1,14.12725234,16.12005323,13.1429606
284111_AT1,12.35329093,8.862915544,36.49042882
284129_AT1,6.751041784,3.991710375,22.41978949
285440_AT1,3.981986756,47.50270462,1.42016493
286410_AT1,38.2048408,22.80018374,14.70086708
2875_AT1,3.70838693,10.25783792,11.55761292
2876_AT1,256.2030725,168.5650383,212.1780415
2877_AT1,27.89902591,33.96186534,22.34672166
2878_AT1,176.9778375,2.750146328,207.5494001
2879_AT1,7.160839169,393.8809769,230.4306139
2880_AT1,11.86289703,17.98355841,13.77881743
2882_AT1,5.929674708,10.50117869,11.34379208
28965_AT1,13.52308471,22.29591778,19.13653093
28972_AT1,5.731669893,2.158243916,72.35658957
28976_AT1,1.762333892,39.38852317,1.066698108
28982_AT1,3.272562988,13.68352814,31.09924871
290_AT1,6.926882596,17.34589579,12.65486144
29072_AT1,9.356996772,8.382698395,48.57810935
29085_AT1,1.397444784,74.12896975,7.811379269
291_AT1,6.702564148,40.70112371,44.97378435
29124_AT1,11.83046649,18.78592435,21.5079941
292_AT1,70.58817269,73.85703432,0
293_AT1,26.14741101,14.66501009,14.16661161
2936_AT1,6.249790828,15.47311166,37.78446572
2937_AT1,26.21854808,15.76416791,1.519893171
2944_AT1,5.663849856,19.20524953,19.86419412
2946_AT1,38.42622479,21.11104966,8.066720296
2954_AT1,9.271563838,21.0709599,2.568142093
2977_AT1,6.379797819,1.551294234,4.846563234
2978_AT1,21.18852207,14.26919034,10.8521794
29785_AT1,10.685957,7.204334549,13.72329392
29796_AT1,0.12724356,8.261665539,0.806382498
2984_AT1,29.52708309,12.31567307,10.21152323
2986_AT1,24.72945182,11.61081323,11.00273509
2987_AT1,0.36973699,4.789232334,73.43594712
29880_AT1,0.510800825,4.832052596,7.648706481
29881_AT1,13.66483074,7.287898079,12.89883332
2990_AT1,2.078291384,2.499795507,59.7681101
29906_AT1,20.53365065,8.422987165,12.21446959
2992_AT1,8.019145653,44.11435332,1.410254
29920_AT1,61.08694985,31.35121703,33.3834074
29922_AT1,12.71694759,7.138870514,29.75699268
29925_AT1,15.12983124,10.74973338,13.90449461
29926_AT1,14.82045671,20.2458834,8.583763397
29929_AT1,13.13498977,61.86764084,12.55067761
29956_AT1,4.505864729,11.49662556,70.66303565
29958_AT1,11.7854741,38.52376659,3.186686408
29968_AT1,13.93749688,26.30000138,9.972065627
2997_AT1,2.754779967,5.686667537,7.097045776
2998_AT1,27.32819689,11.92139248,34.02655392
29988_AT1,8.244976182,11.92976835,3.614477212
30_AT1,69.53804377,8.772709036,60.65847869
3000_AT1,24.31924501,5.556050445,20.10661731
30061_AT1,38.80340933,2.332179911,16.35676395
3028_AT1,17.72999675,10.43516055,53.27784744
3029_AT1,25.81727192,3.363557429,20.45704209
3030_AT1,29.57892478,210.8539377,2.324383643
3032_AT1,0.002196143,120.9042257,197.0882444
3033_AT1,2.3998423,22.53994374,0.1602582
3034_AT1,21.77619123,8.39729474,14.76635159
3036_AT1,36.62659963,15.695163,51.64437252
3037_AT1,2.491642965,37.66592211,3.740892851
3038_AT1,14.65283411,19.27184424,6.212228335
3067_AT1,0.538461588,4.911412999,28.55633327
3069_AT1,0,162.135705,1.15168667
3073_AT1,6.351238105,28.43551279,1.075080068
3074_AT1,5.314784684,38.35293854,25.37520991
3081_AT1,11.91214233,24.06649055,13.06033463
30814_AT1,19.52772021,14.05124957,5.104317358
30815_AT1,3.667916208,1.213552038,27.22477387
30833_AT1,37.5001962,19.8318873,85.43417433
3098_AT1,1.756935656,29.09395448,3.200336621
3099_AT1,2.998956647,3.61904064,48.05421855
31_AT1,5.09716018,58.65834688,3.904508293
3101_AT1,3.637615815,10.86048474,20.876713
314_AT1,14.00218287,8.396846148,7.612738565
3141_AT1,5.253614564,7.597454005,12.40180594
3145_AT1,28.48602146,15.04499981,11.60360834
3155_AT1,2.242841926,5.08632955,25.3382072
3156_AT1,6.589915051,51.18941433,3.493875839
3157_AT1,67.46816955,32.6536142,54.01488887
3158_AT1,13.22247854,5.731536363,11.341428
316_AT1,11.96914951,105.8660306,6.68786941
3162_AT1,10.99136653,9.182067445,40.96012299
3163_AT1,13.60980379,6.866985105,19.97603156
3176_AT1,0,7.225796679,9.717773655
3177_AT1,19.50608121,5.046211752,24.37746477
318_AT1,3.114519578,0.315659248,1.824528187
32_AT1,8.2321423,5.938758575,3.601172384
3242_AT1,28.88505465,15.27352391,3.660482734
3248_AT1,10.31463595,6.30176143,5.880076449
3251_AT1,7.349389724,8.53805743,27.78133337
3283_AT1,20.14345264,19.62824564,20.63936014
3284_AT1,10.04304289,28.72151546,16.44022223
3290_AT1,28.02101879,12.77856406,0
3291_AT1,10.42402556,22.35906935,10.63565528
3292_AT1,41.44971927,3.488393467,14.90065694
3293_AT1,20.74372434,10.25198288,12.37870932
3294_AT1,19.96178469,3.245999657,18.01384477
3295_AT1,11.61014063,3.043914859,56.95643943
33_AT1,5.150169535,3.228018438,1.980640125
3340_AT1,8.553419143,48.26015875,1.08403799
337876_AT1,7.611356615,4.522835498,13.26133187
338707_AT1,7.226010366,9.420382038,11.98429299
339221_AT1,16.87397998,11.93362713,8.965595249
34_AT1,41.59724149,3.15345531,0
340024_AT1,14.74169241,10.02830254,15.16789053
340485_AT1,10.14662509,6.016011938,9.010582897
341392_AT1,17.07360746,9.441935635,12.16793179
3417_AT1,7.291031625,199.2852684,8.162119842
3418_AT1,0.29594388,7.169489988,87.12125273
3419_AT1,19.07970706,39.00003103,3.582715337
341947_AT1,27.08220147,19.93031252,2.467573521
3420_AT1,0.024820716,72.76489543,0.09236631
3421_AT1,12.47043247,28.73470404,15.41716568
3422_AT1,49.6048017,1.074864925,55.8068691
3423_AT1,12.35390197,11.13894687,2.49892853
3425_AT1,6.33942768,12.67058893,10.65176186
343_AT1,19.83858034,16.03205567,13.59586646
345274_AT1,12.31419283,2.6553166,10.07582634
347734_AT1,11.38789103,5.014597832,41.49171528
348158_AT1,17.55432629,15.57506053,19.80378913
348932_AT1,19.2973497,15.8337575,26.25760045
349565_AT1,26.28438793,3.311823709,20.37379814
35_AT1,0.16503928,61.0162226,30.21773782
353_AT1,0.021241329,14.34402815,0.037172327
358_AT1,60.23643055,49.85320972,4.211116382
359_AT1,24.24752482,26.77341415,5.879623108
36_AT1,11.54458728,49.26795235,2.422804189
360_AT1,8.495289701,7.612002042,0.628471495
360203_AT1,14.42309252,10.49423474,7.311007706
361_AT1,24.45560219,18.04013502,12.03421007
3612_AT1,9.080498941,65.07524142,1.360723058
3613_AT1,10.4864863,4.433080475,6.991577247
3614_AT1,0.207608831,18.7879169,2.233741712
3615_AT1,1.352277174,193.8198512,37.70384263
362_AT1,11.47954922,25.47129131,13.09523379
3620_AT1,2.555707071,10.25073872,7.510015711
3628_AT1,18.23414523,29.14529951,20.2905353
3631_AT1,0.86626087,1.429726704,16.34330161
3632_AT1,1.354449089,22.67359891,63.49542046
3633_AT1,9.212071441,2.472414263,5.744034663
3635_AT1,10.1644287,11.94047914,12.69462974
3636_AT1,2.461565856,31.22474433,4.720541924
364_AT1,1.002487145,9.814891341,3.32932919
3658_AT1,57.11797143,12.99590071,1.518324649
366_AT1,3.428918765,17.87036581,56.41444986
37_AT1,34.28757259,154.2816947,194.2675205
3703_AT1,8.834793071,2.329024092,19.64581381
3704_AT1,6.848229027,0.743373809,10.59515503
3705_AT1,15.70817249,27.95499982,44.4679514
3706_AT1,10.58816364,7.800492344,14.05334893
3707_AT1,0.021307735,15.79704694,5.187598646
3712_AT1,24.90163725,31.34920294,4.598874642
374291_AT1,2.994874197,9.957538174,13.65061483
374462_AT1,3.969627853,17.42846544,3.294549101
374569_AT1,22.78098971,26.09803617,19.86860676
374875_AT1,12.51642181,16.79296176,16.48652158
374907_AT1,17.91757922,23.81834966,7.550627286
375056_AT1,38.19507767,2.992191957,33.69124533
3764_AT1,40.33011366,36.29158576,0.882539449
376497_AT1,6.436708803,12.58521038,7.95433418
3767_AT1,21.12187563,19.66774654,14.77452658
377677_AT1,12.74689341,2.95962009,5.611863756
377841_AT1,26.58597654,18.37279577,19.51556752
3795_AT1,2.618589314,22.52560397,7.12195908
38_AT1,0,42.56856392,11.12038651
383_AT1,14.61635043,11.54268987,10.74990579
384_AT1,3.279491644,3.226808303,4.29123386
387775_AT1,20.08635573,16.6960203,21.72199469
387893_AT1,23.9633706,6.620955502,11.97802146
389015_AT1,11.25210291,28.09649119,10.92091056
39_AT1,4.065162376,24.6887207,6.70458922
3906_AT1,10.85330648,16.61054685,14.93279275
390928_AT1,9.685780772,9.128346394,15.51764023
3930_AT1,11.55658663,5.184187373,27.03437593
3931_AT1,17.22300351,24.37774879,10.77533713
3938_AT1,16.44937581,10.8809574,13.16651184
3939_AT1,0,59.98378147,5.368253138
3945_AT1,255.9022183,625.9599758,396.03344
3948_AT1,15.21177083,8.509703046,3.249641126
3988_AT1,0.425374387,11.92379892,4.010070448
3990_AT1,26.55055393,20.57248876,14.63708307
3991_AT1,0.746286967,3.773885773,44.44513401
3992_AT1,19.7494173,7.156089903,15.72474593
3995_AT1,17.33199332,63.51837956,67.5916528
401494_AT1,19.33319472,1.507253534,7.892421589
4017_AT1,8.627691075,1.733147785,18.73564773
4023_AT1,600.227662,405.575056,436.1640582
4025_AT1,19.15647507,7.661164169,8.461137711
403313_AT1,0.829450957,9.644523201,12.68257035
4047_AT1,4.383822967,6.705182332,1.470218119
4048_AT1,0.040565605,3.433839352,0
4051_AT1,37.28935009,12.77541623,6.024571967
4056_AT1,0.887333571,28.34495166,1.249762301
410_AT1,12.25744105,18.14774781,6.076202686
411_AT1,21.42108146,12.16456531,23.59057905
412_AT1,8.84191954,5.459307378,0.700330757
4121_AT1,0.272454305,20.3362943,0
4122_AT1,12.82278697,25.7721696,4.062662121
4123_AT1,7.698188774,36.48657193,5.332408116
4124_AT1,16.61212285,10.20451252,53.1180531
4125_AT1,37.71832217,0.335418617,68.9435336
4126_AT1,5.868999584,3.589135239,69.87109101
4128_AT1,160.2473396,141.5928334,374.2246208
4129_AT1,20.66221776,0.14816694,12.42491413
4143_AT1,15.9337341,18.02968988,20.34811198
4144_AT1,54.3761784,1.529022199,0
4166_AT1,12.25936439,16.39651254,17.29954022
4190_AT1,10.98121652,171.9013387,137.1305145
4191_AT1,5.307693093,0.003745576,26.29132609
4199_AT1,17.5061325,21.07329785,0
4200_AT1,2.307769865,24.76089847,0.59197103
4245_AT1,47.16402294,52.97919593,13.0308294
4247_AT1,15.8502932,19.86430406,7.53052489
4248_AT1,22.74908974,18.63769299,26.35945687
4249_AT1,4.651634179,23.05002137,4.727465314
4258_AT1,9.42544829,18.8790979,10.58265125
4259_AT1,0,21.98190611,64.18331042
427_AT1,1.724576264,131.526356,205.7374516
4284_AT1,5.174426292,15.38736651,12.90198043
4297_AT1,0.946521785,11.8305961,0.727623945
43_AT1,20.83509388,15.6083659,4.399830731
4329_AT1,0.303047015,7.691534859,13.79919612
435_AT1,0.268224205,5.669780468,13.33822248
4351_AT1,13.31494499,6.780687619,16.84805322
4353_AT1,23.10752371,19.39891934,14.70474495
4357_AT1,63.85850307,2.408633566,48.31071866
4363_AT1,17.83404501,3.11811682,24.81362917
438_AT1,14.77437113,19.5058246,15.92359918
440_AT1,15.7526805,29.41779286,20.73118714
441024_AT1,15.98904412,15.60267548,10.66606592
441282_AT1,21.71556934,11.83727718,9.570129181
443_AT1,1.514856516,4.572233426,1.397582145
445_AT1,92.4457821,186.5021446,193.2347679
4507_AT1,10.96340303,10.11198,6.572492837
4522_AT1,55.03958477,46.28922186,10.72509276
4524_AT1,1.415572221,5.560181481,25.27750944
4548_AT1,10.37392757,4.41307186,65.4343905
4597_AT1,2.509697456,34.70368386,35.86440628
4598_AT1,16.01723784,14.33253243,15.75049007
4645_AT1,34.29110243,6.01898884,3.163292109
4668_AT1,15.42482768,51.29485868,6.897690745
4669_AT1,31.50489967,32.90924301,12.29086316
4694_AT1,199.321927,188.8043636,204.5690916
4695_AT1,0,10.25047842,0
4696_AT1,53.02843332,4.393794191,68.06739247
4697_AT1,334.247581,116.0628091,247.5061282
4698_AT1,2.815601732,0.091981265,49.68366229
47_AT1,8.849442599,66.03143479,77.21147358
4700_AT1,8.667807567,8.931369272,0
4701_AT1,13.41330661,21.91820267,43.80070965
4702_AT1,0,94.83174488,0
4704_AT1,5.336550637,7.687117378,12.93936114
4705_AT1,2.676382218,10.23244069,2.444935144
4706_AT1,0,3.3612432,4.229821164
4707_AT1,0.48727955,7.322328384,70.09859805
4708_AT1,1.415178202,3.737900711,38.84356324
4709_AT1,4.133760948,62.97749704,0.18756145
471_AT1,39.5873011,6.075415694,7.496156877
4710_AT1,5.342208906,70.57639729,0
4711_AT1,0.458760537,20.78527599,0
4712_AT1,4.982634586,5.202654068,52.30094639
4713_AT1,176.8205989,5.97462338,165.8985902
4714_AT1,7.596036427,27.1565154,6.21121409
4715_AT1,10.63625425,39.90723897,15.02373362
4716_AT1,0.1282288,90.91606042,43.43273838
4717_AT1,31.25261079,44.51382777,69.82961913
4718_AT1,0,1.469777237,3.616085423
4719_AT1,71.04962449,32.9032331,87.40715018
4720_AT1,17.94077587,10.93599655,78.90225293
4722_AT1,27.899303,3.040808026,27.2836284
4723_AT1,0,61.5346953,0
4724_AT1,44.17910927,7.911045467,4.441580975
4725_AT1,152.9597327,95.64949164,271.8443661
4726_AT1,0.591000514,17.08333731,0.809429856
4728_AT1,2.641138231,7.39357726,30.06598325
4729_AT1,3.289220228,26.38753471,0
4731_AT1,5.926055263,17.64456562,6.554938706
4758_AT1,8.528122221,41.26329624,0.90612337
4759_AT1,16.22175022,9.090225206,18.51483957
476_AT1,38.79076957,4.117458026,73.29427185
477_AT1,47.0759542,0.427908718,78.12388874
478_AT1,7.963313044,23.89989235,14.55247649
48_AT1,1.648184808,11.89585102,38.95727216
480_AT1,7.478366516,12.80090473,17.58486297
481_AT1,53.86890947,2.98680488,35.23568684
482_AT1,5.985893247,5.243752545,23.83105543
483_AT1,7.046862961,58.74597034,0.050729995
4830_AT1,3.273747457,71.66504626,0
4831_AT1,56.96349338,381.6200098,12.29521388
4832_AT1,11.70302028,28.48509784,5.939070951
4833_AT1,5.592670305,22.20870723,54.56501168
4837_AT1,26.37892193,54.31710857,117.9283775
4842_AT1,14.90314894,22.09286617,17.33058101
4843_AT1,19.1364282,26.07680545,13.64847436
4846_AT1,26.98674019,16.20809026,12.4949926
4860_AT1,10.66726091,0.6550135,52.27970891
4864_AT1,13.24838816,7.2859335,4.592463634
4881_AT1,5.846734083,52.62574251,39.03952313
4882_AT1,13.11440981,15.66086794,4.428102583
4891_AT1,4.508497514,27.32437328,1.558628874
490_AT1,42.83590686,46.20056727,28.80170056
4905_AT1,21.83158418,10.29833163,9.201970403
4907_AT1,49.54678578,2.901318535,60.9365338
491_AT1,22.85711853,22.97950834,15.71850549
492_AT1,10.18559641,5.163104925,23.48022237
493_AT1,45.89889247,5.903779113,0.515509168
493869_AT1,1.54863692,43.26873131,91.02025328
4942_AT1,0.08145111,120.9492255,0.36486577
495_AT1,19.73760764,5.425043465,18.41486262
4952_AT1,0.497761889,24.36176225,15.93326533
4953_AT1,0.03265634,23.60537571,0
496_AT1,7.657909774,9.382341931,7.656481484
4967_AT1,60.81060159,37.79080996,6.231021188
50_AT1,41.16354966,8.321029872,40.80262496
5009_AT1,12.98283589,15.87336473,16.50358492
501_AT1,1.558728935,6.65338451,18.20404025
5019_AT1,0.27035595,1.231446687,23.22917293
5033_AT1,7.12082582,6.611942454,0.298245564
5034_AT1,3.092663704,1.613950394,77.34269264
5048_AT1,64.63464712,32.53141361,38.45118877
50484_AT1,27.42302184,42.1667138,26.23714626
50487_AT1,24.22358086,10.80478631,14.75594881
5049_AT1,65.07906874,1.368067878,72.53741755
5050_AT1,15.65045941,0.78673075,10.729516
50506_AT1,18.99226858,17.2255595,14.37988429
5051_AT1,1.627568695,43.20676788,3.422731797
50515_AT1,8.728942825,13.4029116,9.86014089
5052_AT1,92.22379338,241.260362,110.7847111
5053_AT1,15.21290269,28.87976303,21.40255169
50614_AT1,14.27063843,15.53326203,11.94620558
50617_AT1,5.712880697,10.09124004,12.1308406
50700_AT1,5.801010124,13.15512327,16.71292595
50808_AT1,13.37559733,23.75665532,0
50814_AT1,0.378186305,0.24084707,8.352118987
5091_AT1,59.31660936,12.70038027,31.47478069
5092_AT1,0.064809923,7.341105723,65.31443065
50940_AT1,14.97504272,10.34764108,2.646230611
5095_AT1,36.91526694,11.1054555,12.86324166
5096_AT1,62.88134667,34.70034361,5.789620252
51_AT1,28.10496097,25.15627369,0
51004_AT1,8.017811364,48.22722445,1.804817115
51005_AT1,29.8268278,8.922726887,4.225488012
51022_AT1,12.91378537,17.32767075,5.473459454
5105_AT1,1.363430685,97.17923515,0
51056_AT1,0.82248301,127.4492681,0
5106_AT1,5.289508254,38.29027965,4.556710948
51071_AT1,0.839178466,72.14035415,45.53555956
51079_AT1,0.34629373,154.1071718,7.257939502
51086_AT1,6.813413461,5.366535572,15.43453497
51099_AT1,0,12.55285821,57.84304297
51102_AT1,14.6029014,5.909548424,27.47985992
51109_AT1,25.58020207,2.658446051,44.2998944
51111_AT1,8.509132425,27.79278168,35.50884255
51144_AT1,64.5807268,17.82074604,83.27800214
51146_AT1,8.23437251,9.647052488,12.75960919
51166_AT1,41.45087724,21.71821084,10.9815485
51170_AT1,0,140.2953463,10.84855549
51171_AT1,22.50492288,13.65638372,25.91832898
51179_AT1,17.39595658,8.580881189,12.41433197
51181_AT1,0,2.760408582,37.34349677
51196_AT1,9.118094505,10.03602589,10.39154764
51205_AT1,5.865191534,19.61171166,8.301425275
51227_AT1,15.94262882,29.67486906,4.9988678
51228_AT1,0.019173633,1.252240065,66.06917826
51251_AT1,3.771847599,12.78168447,59.93908315
51268_AT1,3.882815922,27.73885224,12.69877369
51292_AT1,1.852409607,22.77010197,9.598056897
5130_AT1,3.19566528,17.49493875,66.52549204
51301_AT1,8.290486527,7.912709149,24.79324448
51302_AT1,22.52687582,19.20728325,20.56428754
51312_AT1,9.946026928,2.854719633,4.653264014
5136_AT1,1.174157855,5.163422812,10.83172445
5137_AT1,10.24800252,7.649539397,19.44687131
5138_AT1,14.36681367,3.592300518,43.41398916
51380_AT1,7.125673662,11.5661138,14.92264385
51382_AT1,13.98051041,1.426641012,0
5139_AT1,21.17572038,32.0856264,1.008575913
5140_AT1,0,2.043812206,0
5141_AT1,21.79481813,18.27591612,12.51121774
5142_AT1,10.11996022,2.812224683,1.908033243
5143_AT1,21.55173115,22.64108653,18.83612029
5144_AT1,44.07830852,11.43557889,12.04381123
51447_AT1,4.897859207,14.80410834,3.350563334
5145_AT1,10.51914598,17.81926097,11.98449672
51458_AT1,11.52391232,10.13957797,13.77060108
5146_AT1,21.62736503,10.61775188,10.70514729
5147_AT1,46.51780924,48.41572429,3.164933623
51477_AT1,24.1060255,15.8841613,9.136108411
51478_AT1,12.60271348,8.70769552,8.620292089
5148_AT1,8.44601807,21.93777633,21.51197516
5149_AT1,20.34779973,13.72408764,7.274467619
51495_AT1,10.91278479,1.437727331,53.96246145
51496_AT1,63.37388196,79.0463934,5.147284349
5150_AT1,3.286446341,14.30037709,7.21496168
5151_AT1,7.193718371,24.09461556,64.27482611
5152_AT1,11.25509315,6.374425424,10.43962293
5153_AT1,6.963301549,64.84251558,2.399711777
51540_AT1,35.40509262,15.406947,37.98081201
51557_AT1,23.09863597,15.07812949,14.23522492
51559_AT1,12.78104211,22.62785787,35.02440323
5158_AT1,35.09489046,5.727713155,3.550205588
5160_AT1,3.471875971,5.148491861,50.2158659
51604_AT1,4.165483728,29.69680852,1.917954961
51606_AT1,59.14504938,71.36379692,50.36220526
5161_AT1,20.27717634,16.80575538,14.55884218
5162_AT1,6.805670041,105.1346301,0.248509922
51660_AT1,9.010971206,15.09432225,2.098496685
5167_AT1,7.537855168,2.695567935,0.5831581
5168_AT1,0,13.97151161,68.90864857
5169_AT1,11.14310807,13.46605056,24.80814092
51700_AT1,15.37387719,14.38676332,31.79190602
51703_AT1,1.640569302,19.67631711,5.70847172
51706_AT1,49.89339933,31.64440772,70.92598623
5172_AT1,21.19545725,29.39922648,8.776718978
51727_AT1,34.83815727,6.901306247,12.8682771
51733_AT1,15.27971436,26.01181182,21.65928843
51741_AT1,22.82234801,5.566429053,7.0856871
51805_AT1,5.846471707,17.46010599,3.761062577
51809_AT1,6.243337871,6.24346866,17.52171194
5184_AT1,13.33402729,0.33679077,36.13464822
5198_AT1,2.504297042,7.340090173,30.05832347
52_AT1,0.031758409,3.903644422,1.99038534
5205_AT1,20.56367834,2.180762092,12.95348681
5207_AT1,51.92825755,7.961144654,43.38732807
5208_AT1,10.91307936,17.60390718,27.6595613
5209_AT1,0.011990772,70.16276598,1.945071873
5210_AT1,12.59718814,7.038827626,7.626592031
5211_AT1,0,11.15946851,12.57324019
5213_AT1,1.45194029,5.992225079,4.868321001
5214_AT1,2.266459282,7.746621629,40.1437681
5223_AT1,79.41603179,33.56140937,47.00272385
5226_AT1,0.897122284,110.3386389,0
523_AT1,0.369931331,2.57818191,20.08918699
5230_AT1,0.033818547,96.95354685,0.96258373
5232_AT1,19.48717634,16.99621441,10.76344502
5236_AT1,0,53.27153425,37.90962181
5238_AT1,4.195936919,7.861179199,37.62222373
5243_AT1,6.995388069,12.34638663,14.20615882
5244_AT1,29.62086678,18.85979126,11.93846321
525_AT1,17.78309928,11.01259117,29.64941683
5250_AT1,1.619799754,13.94593428,0.857701835
5251_AT1,10.45869465,22.86915645,14.54236452
526_AT1,6.922191741,10.07377218,0
5264_AT1,0,8.78876373,2.053593131
527_AT1,21.36060576,12.75901433,6.08665969
5277_AT1,2.665973408,12.311582,16.40961361
5279_AT1,6.647297174,28.69421756,2.670012667
528_AT1,0,0.09342901,49.64230831
5281_AT1,13.16911111,0.898426887,15.41681121
5283_AT1,1.748728675,21.8367033,2.85474346
5286_AT1,45.21168849,9.951545041,66.1349884
5287_AT1,16.5604217,22.14811658,22.30690616
5288_AT1,10.08932879,14.63257699,8.029187859
5289_AT1,38.24338701,53.25236359,29.02306687
529_AT1,4.987194643,12.21792132,110.7928396
5290_AT1,1.48229087,20.13797064,0
5291_AT1,7.822749851,8.473196807,6.43320427
5293_AT1,1.510311073,18.22987211,21.9081048
5294_AT1,13.4828275,17.8930014,5.984704894
5295_AT1,9.93419596,29.03294233,0
5296_AT1,32.87675181,16.21126922,8.95748433
5297_AT1,6.656002613,51.86003118,4.734694219
5298_AT1,60.53530552,28.53824699,19.55873983
53_AT1,14.42865112,25.61761539,15.48349111
5305_AT1,13.16812097,47.23428015,6.041523427
5313_AT1,8.536830412,7.619751,13.28208798
5315_AT1,22.73107883,3.868047177,53.41488927
5319_AT1,11.34207788,25.71495771,15.81612951
5320_AT1,12.81709666,4.927940707,0
5321_AT1,3.104719771,0.347089083,0.2332301
5322_AT1,37.40836553,14.43103215,18.68377877
533_AT1,0,1.619267505,4.427424206
5330_AT1,7.722067751,8.841566166,26.32872726
5331_AT1,12.43412361,2.389044979,23.67002062
5332_AT1,14.72757315,20.51602606,5.827038902
5333_AT1,33.25160712,21.85016998,5.060596155
5334_AT1,12.95988063,2.496966057,2.61016615
53343_AT1,7.216116563,58.44876354,3.838927082
5335_AT1,0.056447006,27.75580311,18.03246987
53354_AT1,22.66920861,5.271867348,7.266275163
5336_AT1,46.95694509,8.362881091,21.29644029
5337_AT1,12.47737809,39.11694064,4.191615473
5338_AT1,18.33818996,3.462534799,22.84447254
534_AT1,14.83251444,8.16129732,10.34803552
535_AT1,51.27405722,57.22670829,36.47148968
5351_AT1,54.63039227,5.063486713,3.624984224
5352_AT1,8.747968979,4.467332595,1.438899793
53630_AT1,12.96893412,6.584744769,9.347835622
5372_AT1,12.35355107,16.19383671,63.36572694
5373_AT1,24.00070559,3.340033438,13.24337947
53905_AT1,22.47167679,4.867678655,31.11542973
53919_AT1,0.747852854,13.62891322,1.069569913
53947_AT1,17.73944651,3.781448132,18.03569914
54_AT1,40.75271743,10.89979704,58.71933673
54020_AT1,5.330823406,22.16833426,7.025662303
5406_AT1,24.83401906,25.37259945,13.55634405
5407_AT1,20.10733088,4.309474677,20.85509693
5408_AT1,20.58038452,11.06620421,15.41241647
5409_AT1,8.893989368,11.68645123,7.877156114
54187_AT1,3.782776424,61.49705235,2.634546001
54344_AT1,25.6026061,36.24218654,13.75024146
54363_AT1,17.5244279,7.242723344,10.61066796
54407_AT1,0.07685847,37.19012342,0.254491642
5446_AT1,12.33721666,17.43159203,8.234611071
54480_AT1,0.65510612,2.193547621,24.14553757
54490_AT1,11.88300502,15.53297404,6.528289793
54511_AT1,11.58771735,13.51751205,9.371435398
54539_AT1,1.731853268,10.04014668,31.02158226
54575_AT1,18.4663667,18.51637424,22.51938616
54576_AT1,16.45684889,10.4253248,7.518605173
54577_AT1,21.36048034,48.16189938,16.7164571
54578_AT1,11.80340735,15.65109234,12.44211474
54579_AT1,22.92531031,16.07478644,8.275850746
54600_AT1,15.88853195,17.6162735,17.17070243
5464_AT1,3.236928841,254.0327732,47.34091282
54657_AT1,19.66723524,11.11359692,14.38516307
54658_AT1,18.10727028,5.770913302,6.715955938
54659_AT1,21.85487116,16.9317387,9.805971622
54675_AT1,34.03984285,1.50019143,37.32652749
54677_AT1,15.45952702,14.41963624,13.49289251
54682_AT1,11.3166096,5.057581812,31.03633061
5471_AT1,10.2447186,12.59261635,36.09258655
54716_AT1,20.60903441,15.13125504,20.26922224
5476_AT1,0.541446984,23.78640078,2.97891346
548596_AT1,12.11930064,8.873374545,16.63320861
54872_AT1,13.193244,14.09426473,8.010303442
54898_AT1,20.19695527,14.22674742,11.29951358
549_AT1,36.97452047,51.88974356,6.196477345
54963_AT1,0.749311224,50.33687929,1.405120893
54965_AT1,40.10070861,11.63350819,4.610159958
5498_AT1,10.01137517,23.08892855,11.88519604
54981_AT1,1.159165536,3.009598511,1.934175092
54988_AT1,62.78699048,36.66049707,16.27556963
54995_AT1,3.492697372,35.14115319,0.946995081
55065_AT1,31.41382463,13.24399186,12.22010425
55066_AT1,15.99661516,13.49907617,34.30432146
55089_AT1,23.94062561,18.86104793,11.72519685
55163_AT1,3.855989223,4.45289136,4.541594039
55191_AT1,12.23470562,3.482749332,17.28874316
55217_AT1,7.300560531,16.86044529,3.526483103
55224_AT1,22.00329404,7.158325182,20.32177027
55229_AT1,27.74063379,2.464090366,8.992214899
55244_AT1,8.833205386,23.32419143,20.07917973
55256_AT1,17.58209818,39.53372958,12.30045745
55268_AT1,9.925218708,77.18585222,10.26013524
55276_AT1,28.26859942,15.72273121,6.365686651
55277_AT1,28.54441413,24.09544802,48.82981733
55293_AT1,21.76228678,40.32188897,23.5567267
55301_AT1,16.17139886,12.80951624,16.90004995
55304_AT1,26.9091186,2.663193217,9.17130139
55312_AT1,13.02596585,2.509059737,9.819900937
55315_AT1,12.89371304,13.26940831,6.082382268
55326_AT1,5.837551178,8.295906162,22.38741191
55331_AT1,20.21127929,26.36361741,3.315465822
55343_AT1,6.7570933,25.9982123,17.25839715
55349_AT1,15.27399071,7.843874247,20.88046492
55361_AT1,1.654684029,14.08312516,2.419294261
5538_AT1,0,27.15476927,0.854061883
55454_AT1,1.40938708,58.34345117,26.93608195
55500_AT1,1.45725182,6.832641801,10.32549658
55501_AT1,32.16110981,14.84239667,21.35510698
55512_AT1,30.84852525,5.790051271,26.78264114
55568_AT1,19.37636628,5.400378148,27.21730752
55577_AT1,0.730678478,41.10790182,2.892212637
55586_AT1,13.90585769,16.10201941,19.79468085
55613_AT1,10.3780986,11.05347354,48.85126182
55624_AT1,10.37930036,68.76370932,3.539552893
55627_AT1,21.26535385,18.85158444,15.933568
55650_AT1,12.07655121,2.613278588,10.83481862
55748_AT1,9.023871585,43.10170468,1.106495248
55750_AT1,17.93673758,1.706165965,28.19931705
55757_AT1,10.57056642,6.13495247,7.808577755
55790_AT1,10.08461655,25.55919141,9.871290419
55808_AT1,18.55393279,22.1421827,6.81449707
55811_AT1,11.35924157,7.953524957,11.06611422
55825_AT1,0.45229873,25.77056347,6.15039431
55830_AT1,0.99583835,5.553062501,36.93392444
55856_AT1,6.04753918,35.24431097,1.778740556
55867_AT1,11.65849521,23.91119515,26.64198636
55870_AT1,15.1291084,8.322552954,56.06017167
55902_AT1,51.00865907,7.762899111,0
55904_AT1,75.31975672,26.93932699,16.7502706
55907_AT1,18.38076025,24.32640471,53.07246445
55967_AT1,3.149070157,37.26598874,6.549512563
56052_AT1,5.662300525,5.36854034,55.14809465
5625_AT1,3.067882779,17.24451027,6.556244149
56261_AT1,83.61822826,11.80603285,58.6065251
56301_AT1,13.79519498,54.22171901,3.315283624
5631_AT1,4.291964794,12.67106925,3.555761436
5634_AT1,8.231318329,48.67442756,0.62501527
56474_AT1,2.760541085,23.38129978,13.14441767
56548_AT1,1.28403203,4.503375566,2.425972695
5660_AT1,40.89132219,233.3213289,456.2914522
56606_AT1,12.5001693,15.52207991,6.311914029
56623_AT1,17.36464444,10.23108624,17.90451685
56624_AT1,12.40261589,7.154474131,11.23909056
56848_AT1,3.82127322,12.91149778,40.25963137
56886_AT1,72.86568778,48.29480788,51.01255986
56894_AT1,6.532713392,14.59229681,4.642317332
56895_AT1,9.185440074,19.49912983,14.44779018
56898_AT1,3.510846171,5.402912527,65.72369462
56913_AT1,16.69453923,55.63056221,10.02643277
56922_AT1,74.50320418,4.058551648,56.4908674
56953_AT1,24.5368655,8.442487636,5.802879771
56954_AT1,4.199457037,6.008407184,3.695319555
56983_AT1,20.49142955,24.33451369,5.206165349
56994_AT1,77.05887195,67.64726846,9.513704791
570_AT1,8.059963695,18.60457809,18.88663597
57016_AT1,14.22166991,10.82472322,7.024017141
57026_AT1,15.98928514,10.17150111,21.65334505
57030_AT1,25.40143667,20.79517521,23.69891801
57084_AT1,13.1701344,7.635631304,11.51839448
57094_AT1,14.16081237,18.15826674,15.61937244
57104_AT1,22.11032369,22.22738431,7.641375113
57127_AT1,12.63608183,12.17699833,14.07624427
57134_AT1,16.86819693,38.25742201,11.90731721
57171_AT1,18.5259716,10.36569275,12.34518765
57194_AT1,6.939065036,14.13551083,5.282294064
57198_AT1,49.57358494,56.74584452,2.926160026
5723_AT1,7.554821746,21.31266883,25.16540648
5728_AT1,7.006193667,0.868014894,24.32142618
57282_AT1,20.55592578,5.685426001,13.67433482
5730_AT1,23.85427968,0.35888033,31.41062718
57379_AT1,25.61404486,27.61306413,6.045596715
5740_AT1,52.11620222,23.31229573,1.46853283
57419_AT1,14.9030073,15.43900765,5.69116544
5742_AT1,1.89839217,2.797608669,5.292482082
5743_AT1,0.0532133,23.09105038,3.101537167
57468_AT1,20.39787215,13.4427757,30.75673533
57571_AT1,10.93757934,15.30012442,35.45607709
57665_AT1,3.34810219,1.37354424,68.47107802
57678_AT1,1.83815023,83.05072037,269.9011371
57704_AT1,4.780458804,13.49887956,6.390476561
57818_AT1,12.65971661,32.89425633,20.72441184
57834_AT1,9.981256134,14.5705598,18.58966799
57835_AT1,21.00829485,20.55142963,5.878190006
5805_AT1,2.210665962,49.62262442,8.63815544
5825_AT1,37.0449871,26.92648819,9.740385418
5831_AT1,11.17205381,12.6132225,12.14258331
5832_AT1,59.06626512,17.53122748,65.75178854
5833_AT1,1.405258155,51.38423128,5.204407288
5834_AT1,11.16289015,0.77851756,2.628393708
5836_AT1,74.93757252,168.0230798,287.7854019
5837_AT1,15.88007746,11.87295754,22.51906825
58478_AT1,1.217613432,18.58613888,58.51037628
58508_AT1,8.336937721,20.71474321,1.646361992
58510_AT1,16.70174164,27.36964843,16.75733415
586_AT1,30.54287595,25.1241032,57.96161239
5860_AT1,0.49444056,58.11789105,5.046883618
587_AT1,13.11574475,11.79107519,9.271641055
590_AT1,1.969858743,0.223051518,52.15055318
59272_AT1,14.27912318,19.77227735,4.274043231
593_AT1,0.222000929,17.85311459,49.85463048
594_AT1,3.43373645,10.02734996,6.352745027
5947_AT1,23.10686941,4.843546446,35.43255355
5948_AT1,19.23272348,8.408778903,13.11132072
5950_AT1,7.546418763,8.821875196,0
5959_AT1,0,46.90228919,0
5973_AT1,1.46751566,17.36777961,5.434829709
6005_AT1,10.80483806,16.09448711,15.35336176
60386_AT1,8.260204909,7.130612278,19.5494409
60481_AT1,0,37.78095881,147.2612433
60482_AT1,8.118291904,13.68971007,9.915156329
60490_AT1,7.829736224,10.22750543,5.629547019
60559_AT1,0.695645043,111.0435164,13.49453993
6120_AT1,41.66824685,21.75052889,51.43397523
6184_AT1,2.15064519,100.8584927,0
6185_AT1,97.43240047,46.22526792,0
622_AT1,20.05148189,11.73206995,12.82552275
6240_AT1,46.59237159,20.46285843,53.91707016
6241_AT1,9.242523605,28.14029549,12.51479895
6296_AT1,21.54672681,13.01922372,2.130222243
6303_AT1,131.6577752,115.7885732,469.3739036
6307_AT1,28.08027449,15.46080776,48.89942547
6309_AT1,0.453302413,19.52704869,39.85917684
6319_AT1,105.4707177,273.0466896,562.3464005
6342_AT1,0.358555052,76.72387901,0.05004505
635_AT1,8.809769964,12.92908276,7.3928803
6389_AT1,2.702031219,3.312618,0.93628662
6390_AT1,28.81824168,26.05013455,1.792464631
6391_AT1,18.6352833,6.950939799,62.91247899
63917_AT1,31.33927941,8.000581591,25.58901544
6392_AT1,19.10136396,178.657349,6.314888447
64064_AT1,9.581864269,7.870818204,16.02029258
64077_AT1,7.159763434,13.20536874,26.59213319
64078_AT1,21.52029423,16.5209688,9.774166479
64080_AT1,20.27788216,7.434414271,6.789297961
64087_AT1,19.0237102,8.366808809,7.462643385
64122_AT1,10.71539204,4.904355769,3.677299916
64131_AT1,14.69566549,9.475734389,7.519284409
64132_AT1,5.453895709,3.264982899,15.7020122
641371_AT1,11.40147097,45.84413274,51.17386756
641372_AT1,10.5718261,13.45610672,14.43449466
641649_AT1,12.44632134,22.04628317,23.8813527
64174_AT1,8.591202721,5.868131894,12.83105468
64180_AT1,19.226399,28.24069729,13.1101244
6419_AT1,16.37462464,56.45387841,5.997652
64220_AT1,10.28985333,10.77297339,12.08722734
64240_AT1,16.34238518,3.614717145,19.08400092
64241_AT1,14.58440596,15.50872426,5.175156996
64324_AT1,65.97349648,12.89971819,62.58850405
644_AT1,0,3.034209427,0
64419_AT1,6.056389492,30.84403812,4.38451198
6448_AT1,3.981941211,18.23714055,8.18179992
644974_AT1,26.04194362,14.40615563,16.47058588
64499_AT1,12.48389479,8.654683201,18.52262744
645_AT1,19.1804628,129.7346512,67.2722249
64579_AT1,20.69865353,10.22086201,10.71216239
64600_AT1,21.63905313,5.389013698,8.156515034
646480_AT1,18.54482813,9.489430983,11.32810684
646486_AT1,18.04511792,7.99953385,19.38511385
6470_AT1,2.753219541,14.83332499,3.30573967
64711_AT1,17.00120016,12.85866029,19.1038465
6472_AT1,16.36368384,14.10241148,33.29702171
64748_AT1,18.32215201,17.51350978,26.13478887
64754_AT1,10.91387407,15.09094056,29.92413818
6476_AT1,23.33552185,5.090578713,8.246777775
64772_AT1,1.892373971,15.95966032,6.877532471
64781_AT1,13.90080623,51.57628031,18.62099312
6480_AT1,19.93305094,13.14535365,3.35444564
64802_AT1,30.53449662,48.49794006,3.773407895
64816_AT1,15.72330094,9.66323991,31.16287198
6482_AT1,8.603805673,43.97833818,8.369902917
6483_AT1,22.24120917,28.53597223,18.03570722
64834_AT1,16.68350745,25.0225219,76.49670867
6484_AT1,15.1120448,14.62844047,24.71907272
64841_AT1,41.8224482,9.287329987,2.030042536
64849_AT1,29.04966845,25.71606163,17.45091638
64850_AT1,25.62574103,19.0477905,10.47237416
6487_AT1,12.25099665,9.523732887,37.32845526
6489_AT1,7.943534924,21.80458809,6.417547951
64900_AT1,9.139771817,25.13676265,29.79272901
64902_AT1,19.54789757,16.68889098,12.68857644
65010_AT1,35.45221177,21.74879958,17.57831724
6505_AT1,9.157789253,16.41707589,27.96182513
6506_AT1,4.783474178,20.44380889,16.81685419
6507_AT1,10.27135251,13.51208681,38.29002487
6508_AT1,8.232523755,20.46594688,9.469846192
6509_AT1,13.8134326,27.02439572,21.98696103
6510_AT1,26.17460793,29.15610708,73.94839783
6511_AT1,7.384129682,11.67581236,19.38551848
6512_AT1,25.78757917,10.52069747,26.83826684
6513_AT1,2.828615372,10.96555495,27.27361967
6514_AT1,12.5793795,11.96303328,12.76815621
6515_AT1,4.061041895,4.780991256,0.184718833
6517_AT1,31.00616915,3.017946602,10.46531042
6518_AT1,33.74842769,7.46688883,3.191424839
6519_AT1,30.79103553,9.201030457,28.27320273
6520_AT1,4.166343372,15.10978893,71.14511682
6521_AT1,49.25552635,4.587100084,11.62831102
6522_AT1,6.725028026,21.96500137,21.09012472
65220_AT1,4.080554853,41.08008325,3.528911731
6523_AT1,13.7566277,14.51771877,27.27409184
6524_AT1,23.3668035,5.436161573,9.699570715
6526_AT1,2.41367536,28.49871565,39.56790584
6528_AT1,15.28414855,14.25502456,9.706651121
6529_AT1,6.977432388,10.72118965,10.74097467
6530_AT1,15.07464177,23.68865672,17.63976022
6531_AT1,19.80093203,27.8096006,11.83574809
6532_AT1,4.828101388,16.49164311,9.626689219
6533_AT1,2.0488942,13.40781186,14.0658459
6534_AT1,7.222194001,8.723132908,7.276059949
6535_AT1,1.918107571,16.31565296,11.79477749
6536_AT1,24.29766183,11.39442391,5.859649929
6538_AT1,21.91853397,20.64838795,8.830527214
6539_AT1,11.72566071,15.63528298,18.09175278
6540_AT1,17.35979923,13.43001596,6.567149432
6541_AT1,24.52272437,14.33716717,21.7360004
6542_AT1,16.99869425,24.82731688,11.59181133
6543_AT1,22.29457938,6.195381889,16.52154021
6546_AT1,0.348635313,43.25270126,0.73837187
6547_AT1,8.696580629,10.95511262,19.66299349
6548_AT1,29.74905186,2.549007178,28.64694382
6549_AT1,10.44621138,9.619249915,14.5000524
6550_AT1,13.20135956,9.584556016,21.96525904
6553_AT1,14.72834912,19.42814842,26.11735922
6554_AT1,6.581619641,25.84471478,19.38571547
6555_AT1,13.77281314,7.630540857,14.93864577
6556_AT1,11.76041884,2.603345535,14.48093196
6557_AT1,11.39569002,8.3907196,10.90194635
6558_AT1,5.476639683,40.32062378,2.029148707
6559_AT1,17.5654584,11.16587329,15.79555132
6560_AT1,0.648943405,32.01798065,4.26908381
6561_AT1,18.06911621,14.95417315,11.70965306
6563_AT1,3.404421109,25.881754,15.1934247
6564_AT1,25.00639032,23.12253283,24.55488005
6565_AT1,9.002586632,25.90079265,14.22982976
6566_AT1,5.302937842,2.979378428,0.90161974
6567_AT1,3.965870535,25.8518045,9.854282461
6568_AT1,8.781938315,17.44066282,28.05656444
6569_AT1,18.78867738,7.166270189,14.12345241
6570_AT1,18.32430434,8.938782387,17.74086998
6571_AT1,26.72677785,19.04310693,25.9271921
6572_AT1,13.11867582,15.02688286,16.79313396
6573_AT1,41.88445976,7.7131071,9.187892593
6574_AT1,31.6527216,47.81341343,71.24320255
6575_AT1,0.708354918,3.538349439,8.64336011
6576_AT1,15.50639225,1.12122031,13.52788841
6578_AT1,19.93642368,1.492418879,21.08220111
6579_AT1,18.68100649,33.59152094,8.031386599
6580_AT1,9.346377721,13.97175322,12.2115298
6581_AT1,0.57095423,30.15345744,13.12095435
6582_AT1,14.64360658,9.919520135,20.66941121
6583_AT1,14.11553768,20.7717414,9.5008105
6584_AT1,18.81819306,23.01536148,12.44376769
65985_AT1,16.24956449,67.39132039,5.357292543
66002_AT1,4.443656578,20.36866297,18.13477974
66035_AT1,11.61075312,13.6450153,20.30421119
6609_AT1,1.69966173,2.277190106,16.23728723
6610_AT1,20.496109,10.48057713,5.899024832
6611_AT1,8.131086159,8.375085706,2.006638771
6646_AT1,15.70558977,49.13057972,12.89094311
6647_AT1,2.301619306,115.8221237,276.1392545
6649_AT1,36.79462562,53.30958504,44.02968773
6652_AT1,20.58898219,29.75970934,10.81736614
6675_AT1,0,36.0434261,0.67106021
669_AT1,7.044113381,14.08016567,44.5041512
6697_AT1,2.91916456,7.555163464,10.13974455
6713_AT1,7.290697808,29.05229276,27.67257177
6715_AT1,16.03335976,18.78433762,12.26587156
6716_AT1,13.68612342,17.45954208,19.30731482
6718_AT1,12.82060909,17.2410878,8.698933426
6723_AT1,11.15498317,2.233640768,9.520738429
6783_AT1,24.18865014,9.911154653,16.97154619
6785_AT1,21.40874093,24.99280698,9.802965775
6799_AT1,49.2034813,10.86980265,12.58203057
6817_AT1,58.3966509,57.67274087,62.35738106
6818_AT1,10.62938274,7.380830222,25.74295256
6819_AT1,27.58395993,26.93581746,16.0027614
682_AT1,2.333936988,104.8150612,0
6820_AT1,12.77544471,8.707627213,8.157390002
6821_AT1,11.4396476,4.913608013,3.890979633
6822_AT1,14.87770231,9.858067577,33.04890926
6833_AT1,16.47339013,12.92867006,15.47992609
6839_AT1,8.419882884,13.79015735,5.089100723
686_AT1,6.432505308,2.048390908,12.6514178
6888_AT1,0.90591311,194.9589667,103.1006018
6898_AT1,25.59658427,4.42676839,15.33342026
6916_AT1,1.94048715,36.29185862,2.596376854
6999_AT1,0.866763907,29.78999402,30.34409579
7001_AT1,0,156.3647432,224.4447767
7054_AT1,9.106428112,13.36808602,11.62008899
7083_AT1,9.878369759,23.30327833,12.12927089
7084_AT1,20.92765655,24.45412949,27.23692731
7086_AT1,0.785745424,93.492242,0
7108_AT1,0.027044878,22.89332113,11.68332325
7166_AT1,11.23575941,18.90354595,12.89708551
7167_AT1,7.943468609,48.56817752,41.67498568
7173_AT1,7.569648337,8.968212273,14.90906779
7177_AT1,6.906011881,17.92862289,17.09731272
7263_AT1,0,48.30073353,4.47975768
7296_AT1,1.477015574,0.98223848,0.026733818
7298_AT1,18.75139264,17.81320212,5.716949978
7299_AT1,11.70958963,14.1406572,10.18024839
7306_AT1,17.64737268,11.84661919,17.7431412
7350_AT1,19.93963133,19.81943128,14.23958396
7351_AT1,17.90749896,59.43783338,3.193691245
7352_AT1,15.54624785,13.69664,4.308301863
7355_AT1,27.56020793,8.701772884,14.07124485
7357_AT1,34.47371918,4.258891797,75.13844797
7358_AT1,60.27606789,18.40225277,35.88772641
7360_AT1,6.427636003,93.75743503,352.8668232
7363_AT1,8.709971642,5.499628293,25.32410934
7364_AT1,11.16189892,22.04950525,10.35772581
7365_AT1,23.07720418,9.644476347,27.74780227
7366_AT1,23.33021317,11.34722743,5.123680362
7367_AT1,8.342162578,10.6555883,11.32592613
7368_AT1,11.73617418,11.54607247,5.687135113
7371_AT1,36.4944427,26.32758121,7.362374
7372_AT1,4.068650039,13.52150009,25.41130936
7378_AT1,6.45342535,8.379315936,2.42049059
7381_AT1,0.377400745,4.810400379,5.077735675
7384_AT1,0.30729782,72.43596041,0.3331163
7385_AT1,11.32132414,112.8752058,180.4524721
7386_AT1,2.618080902,14.32032118,0.485224533
7388_AT1,7.895418572,202.0014344,477.5616651
7389_AT1,2.954157262,9.907433323,66.52281871
7390_AT1,0.409054622,26.00812658,3.753970341
747_AT1,12.27587911,7.26821305,18.14622989
7498_AT1,18.60199489,21.19864687,15.99194888
759_AT1,12.425883,5.656666571,16.59405693
760_AT1,22.59277112,3.286077788,8.620506113
761_AT1,8.460072075,30.20433486,32.51996774
762_AT1,4.431394435,47.23741258,10.53492922
763_AT1,17.47944705,13.68968728,19.43604658
765_AT1,9.250232037,11.18870409,6.597459048
766_AT1,22.15120188,12.02869708,14.49951381
767_AT1,20.79079616,35.0127043,16.14444349
768_AT1,11.56751812,27.81652439,9.186519405
771_AT1,19.79973726,10.15090797,6.006504701
7779_AT1,17.44573841,63.94633365,82.32937984
7837_AT1,10.33125707,29.77742153,34.12693848
7841_AT1,2.152885119,35.85762255,9.324745083
788_AT1,1.180685522,6.447534083,60.66290898
790_AT1,7.339777602,5.695148319,18.3888015
79017_AT1,19.99196563,24.7295054,51.36073721
7903_AT1,17.2403974,11.95848228,11.54424347
79053_AT1,4.252821838,24.06383661,2.528161575
79071_AT1,7.957911238,1.808674149,16.2858552
79077_AT1,33.0092999,39.90502982,10.1859241
79087_AT1,5.959418106,10.80650124,15.46157836
7915_AT1,10.99415112,12.45684204,2.82634833
79178_AT1,19.7598169,7.29764803,22.71115628
7923_AT1,4.099674986,8.329551523,5.49468603
79369_AT1,16.26117095,7.210275173,24.24625843
7941_AT1,6.660400091,6.72525266,17.9977297
79411_AT1,3.851475123,3.407258709,3.215114357
79581_AT1,10.48643572,9.090100875,10.40170554
79586_AT1,18.4357242,20.33991097,16.20765156
79603_AT1,8.464819918,59.19207993,3.265411019
79611_AT1,1.17677483,21.59204952,33.22562696
79623_AT1,17.58001195,8.58012644,9.183252624
79644_AT1,13.24842119,4.61856521,17.93238378
79646_AT1,20.82389399,17.11987594,43.87525233
79672_AT1,0.182032485,3.312904946,4.756440929
79695_AT1,6.80018967,2.120188775,2.241504373
79707_AT1,7.894420406,38.99237185,1.344308726
79717_AT1,40.75530914,16.35137127,58.03352598
79723_AT1,16.18141167,10.09687123,7.568400092
79751_AT1,33.81758482,7.708935108,5.757403707
79799_AT1,6.05533144,18.53746234,16.2876314
79813_AT1,14.13169812,20.60601914,12.68847493
79814_AT1,31.77067775,14.8465589,5.787865244
79837_AT1,9.602211985,5.551161869,26.12484781
79896_AT1,7.179038973,5.497078811,3.144011735
79901_AT1,6.189053945,229.6912055,88.01183535
7991_AT1,2.483687575,2.17680483,22.2646923
79948_AT1,17.43075609,3.343330596,22.1149953
79966_AT1,9.444483809,1.214300959,7.506892705
79993_AT1,29.53738833,6.651120185,4.989873197
80025_AT1,7.550738005,15.06378278,12.23184878
80055_AT1,10.83091344,8.383000072,14.08922559
80142_AT1,6.655642545,5.011807463,14.94295013
80146_AT1,2.611250178,29.2194686,4.184992922
80150_AT1,6.178860565,2.601918039,37.73324771
80168_AT1,21.34959958,10.69559379,7.200187697
80201_AT1,16.44615249,6.850144987,10.10261186
80235_AT1,17.53558298,20.85146405,10.46530618
80270_AT1,29.5373418,7.55014398,57.81385529
80271_AT1,36.61764562,38.68039509,15.73278902
80308_AT1,5.915536199,36.22810768,2.31310786
80339_AT1,21.98492991,9.890510173,4.676778174
8034_AT1,47.42393723,0.359515066,47.32501069
80347_AT1,11.75950734,2.514333027,5.836636457
8050_AT1,10.71427862,32.74368017,73.85448867
80704_AT1,11.74583974,15.10137602,12.75481073
80724_AT1,0.280577716,5.55850893,21.52038879
8085_AT1,12.12727856,17.7809754,17.30902448
80854_AT1,0,19.21576476,68.0426974
81031_AT1,9.892810286,20.99848254,18.93396149
8140_AT1,21.55218669,24.78750135,13.56697189
81490_AT1,3.863471658,7.814126016,21.41343183
81537_AT1,15.6121154,18.02588261,4.81327232
81539_AT1,66.44707537,58.44611376,2.553729898
81579_AT1,12.1896894,30.24530031,57.05616825
81616_AT1,10.70777219,7.930023257,17.70470707
8170_AT1,23.04880545,10.9749766,15.88519305
81849_AT1,4.97664114,8.012858263,10.70141535
81894_AT1,4.93186975,20.8585134,4.24997726
8228_AT1,7.857984235,14.04640769,0.43224149
8277_AT1,28.2238509,9.401651893,11.30961012
8288_AT1,16.79777969,33.93558809,12.69126787
8309_AT1,24.99458086,33.83834278,0.653564639
8310_AT1,7.923581093,25.14357109,5.627192548
83401_AT1,17.49042959,5.608343118,5.8372389
83468_AT1,41.4289616,1.550200086,27.69973146
83549_AT1,51.43735598,38.71587291,24.74033483
83594_AT1,12.74133332,48.26045082,2.157590149
83697_AT1,20.61487337,8.486240859,20.01208606
8372_AT1,10.8969887,32.28788296,21.03655745
83733_AT1,22.94727293,9.067960773,18.80175424
83852_AT1,2.118209242,19.40667111,21.37304178
83884_AT1,21.32695192,21.81476679,13.27974132
8394_AT1,3.639636273,3.690559316,73.40936566
8395_AT1,7.966987614,23.78863915,16.7718764
8396_AT1,11.75082315,3.172564754,19.78820843
8398_AT1,9.673929776,17.77444384,15.26933653
8399_AT1,14.56849151,14.67161635,28.24883662
84002_AT1,4.464028783,12.15946942,9.621369138
8402_AT1,63.65262901,7.795119025,57.22298385
84076_AT1,15.27640427,22.91161027,14.90699226
84105_AT1,22.93716219,23.75558753,13.16389124
84129_AT1,1.163780516,1.908669683,31.77208554
8424_AT1,9.18809229,11.20510682,35.65603283
84264_AT1,37.11509281,3.27314413,7.163455446
84274_AT1,4.907049844,17.27245503,76.30306324
8435_AT1,17.24707781,27.76623487,9.264652809
8443_AT1,44.28813403,15.11019766,58.38038792
84444_AT1,17.43514726,13.47606287,14.84872289
8446_AT1,48.94626957,52.17709857,1.79286424
84513_AT1,9.59141462,48.71423489,15.12782768
84532_AT1,7.228207248,6.184304686,18.54127888
84569_AT1,7.561783972,7.833866478,10.80814051
84618_AT1,19.84190911,4.254877103,11.6682181
84649_AT1,170.7528726,224.8776952,486.0593285
84679_AT1,30.47688575,27.73926881,24.21387967
84693_AT1,22.16472835,27.10142565,3.066832664
847_AT1,332.253427,434.0780424,117.9045484
84701_AT1,21.02142913,18.23692453,18.33310089
84706_AT1,68.31099668,21.39719006,64.67168754
84720_AT1,6.181169931,17.19372325,16.00304889
8473_AT1,0,121.4555238,0
84735_AT1,9.29364255,20.63418933,9.526899891
84750_AT1,0.852853385,46.29381138,4.626967335
84752_AT1,23.50520668,18.47570823,51.23438368
84787_AT1,13.84515784,21.16254811,14.47741752
84812_AT1,28.43368293,15.80634669,23.33433467
84814_AT1,8.814679673,31.76281038,38.12695366
84869_AT1,1.409602405,29.68152886,5.841944023
84889_AT1,30.59394897,7.896595682,16.41976687
84890_AT1,1.86926439,16.60667182,4.771382691
84912_AT1,12.19439409,66.04067404,11.45732099
84920_AT1,16.42099683,2.013927074,19.20576937
85007_AT1,57.43116283,27.48854683,28.19454974
8501_AT1,2.883959476,23.06927988,20.3914317
8503_AT1,0.6609433,31.23273139,2.899966832
8509_AT1,20.60751699,8.307524842,16.25388992
8513_AT1,29.78714834,15.65910144,5.661377832
8525_AT1,5.369280883,26.14705785,23.81569792
8526_AT1,10.72079812,12.26623199,9.590535429
8527_AT1,16.5816032,2.01639271,12.10190696
8528_AT1,12.71791997,4.345787621,8.067905651
8529_AT1,10.94561784,4.692763815,13.32468707
85320_AT1,9.826007424,19.74506659,13.16902936
8534_AT1,13.46371198,5.573915611,28.9643576
85365_AT1,1.41666959,88.9498712,6.8109519
8540_AT1,24.65922812,2.952726051,16.69631508
8560_AT1,0,6.307650351,0.042602186
8564_AT1,9.035247216,14.86430233,12.79900533
8566_AT1,13.92215791,5.595711322,37.08958284
8574_AT1,0,68.75421275,0
8604_AT1,2.49850471,35.49081564,44.9983853
8608_AT1,19.00758849,6.077214086,14.60236528
8611_AT1,0,179.1835364,0
8612_AT1,26.53797034,4.752497233,5.215145037
8613_AT1,0.15813286,71.42010328,9.293577628
8622_AT1,74.29349156,22.53550298,10.67113507
8630_AT1,34.67523053,22.07386908,15.8228092
8639_AT1,14.11566388,9.391896984,0
8644_AT1,0.37669792,37.91497388,31.68225657
8647_AT1,27.64164179,18.47817313,15.27814048
8654_AT1,12.39076804,20.96053715,53.58148551
8659_AT1,10.8709242,25.59394923,52.54237894
8671_AT1,4.57014378,18.25251936,3.241863147
8693_AT1,23.97627344,2.349736118,25.44694405
8694_AT1,0.835702796,12.21425247,1.24826821
8702_AT1,3.952231966,2.093007875,16.93720622
8703_AT1,8.340721524,45.05467492,17.48591528
8704_AT1,3.639625735,30.87962123,5.762484699
8705_AT1,14.64317733,4.10437594,30.06234033
8706_AT1,5.86086357,9.811504429,22.34837782
8707_AT1,15.76159052,10.50333915,7.780926605
8708_AT1,16.29038712,8.778970789,22.99011224
8714_AT1,9.458182582,7.917182154,16.64368446
873_AT1,23.23738308,38.52131867,35.0854966
8733_AT1,0.996757546,19.27287414,26.46089802
874_AT1,57.95579835,8.185126295,67.93189039
875_AT1,10.1052399,11.09961335,8.880872622
8760_AT1,3.491695927,21.47491634,32.70428136
8776_AT1,6.005616631,12.40687881,10.79486941
8789_AT1,22.42736659,6.451898454,11.07231024
8790_AT1,4.102793634,62.20413627,4.958227442
8801_AT1,0.363274061,7.99747437,0
8802_AT1,0.708435239,170.2070414,15.44954008
8803_AT1,1.817343398,5.955465104,72.41317932
8813_AT1,0,114.4430195,3.876938508
8818_AT1,7.306045784,3.477515777,21.65350943
8821_AT1,2.410414243,42.58452838,11.9528911
8824_AT1,25.53956808,7.751552943,7.920387994
883_AT1,8.10164851,23.81132068,0.882543235
8833_AT1,13.77788047,53.665827,12.01449727
8836_AT1,32.81227585,2.239126616,5.654774549
8854_AT1,35.6970583,24.30679765,8.848682651
8867_AT1,11.71695159,2.496279969,18.56968606
8869_AT1,0.571016489,6.60135498,13.40871898
8871_AT1,4.908499987,16.16192613,6.669558382
8875_AT1,21.30258929,2.443526131,75.48378832
8876_AT1,7.668980448,66.52730892,11.38048664
8877_AT1,11.48531583,4.254984562,21.99212637
8879_AT1,10.83532949,4.477788236,2.646302231
8884_AT1,5.802862734,68.96793461,22.02583198
8897_AT1,17.18997258,4.770735755,14.49760147
8898_AT1,6.798533689,53.04752873,11.16753625
8908_AT1,0.33941195,63.97947272,25.63118534
8942_AT1,7.250129858,22.82272879,28.87999198
8972_AT1,14.11939342,21.21881647,24.84198582
8974_AT1,8.403317549,15.51672574,16.79894644
8985_AT1,4.169410451,28.64868924,25.78451471
89869_AT1,17.65251119,7.445044691,16.29776725
89872_AT1,9.906003714,6.253967581,7.46948556
89874_AT1,13.29514293,5.90321459,13.79542702
8992_AT1,111.5232497,35.33262213,8.79801453
9016_AT1,14.88920889,2.115419228,6.683179842
90161_AT1,12.70461849,6.738463077,16.27587132
9023_AT1,4.084018375,14.98656034,27.28195003
90423_AT1,38.04181973,25.82824142,7.19344829
9045_AT1,0,0.358034824,0.18384693
9056_AT1,3.870207928,5.140639608,4.46741933
9057_AT1,3.520485281,10.9321342,23.7583437
9058_AT1,7.229117514,13.91495657,20.0509399
9060_AT1,57.84324555,18.13861889,24.43776413
9061_AT1,35.04661877,0.826004392,61.04364127
90701_AT1,5.698394462,75.51119558,6.417660143
9091_AT1,30.90818375,26.82384363,4.257976326
91012_AT1,6.594179985,23.66003144,3.324155354
9107_AT1,35.45571581,0.27248707,58.23547118
9108_AT1,9.339505053,15.5040934,6.275737718
9114_AT1,2.623715879,0.843560927,51.70122051
91179_AT1,6.213227968,17.132626,7.851225125
91227_AT1,26.13516147,10.71153579,17.41773064
9123_AT1,14.32877697,10.6970846,1.601279772
91373_AT1,9.322163867,8.40132117,4.218077527
9152_AT1,11.31487625,18.42496291,10.30842225
9153_AT1,12.83753788,9.492864534,14.20914024
9154_AT1,10.82220783,19.91559009,16.42946383
9162_AT1,11.59495011,10.53453502,12.85519494
9167_AT1,11.86427312,3.329703505,9.208261469
91703_AT1,13.24742526,17.82968501,22.00363831
91734_AT1,13.75609079,9.731266334,4.847273534
9187_AT1,13.44806771,13.23949894,6.135549976
9194_AT1,0,1.304891692,71.0001277
9197_AT1,10.44427402,25.57408456,2.042591345
9200_AT1,20.62337246,23.02286101,4.276612174
92086_AT1,19.99065012,10.83905219,24.95540605
9227_AT1,11.93467966,26.54902915,11.70789836
92370_AT1,6.385751506,22.10182501,11.88812727
9245_AT1,12.70907062,3.537789819,10.20040971
92483_AT1,13.55162471,25.73927077,19.32728668
9249_AT1,0,6.153379046,0
92579_AT1,8.255906024,6.575341293,8.903297853
92745_AT1,12.17943422,24.84967694,26.67000275
9296_AT1,81.83505917,5.518986786,71.82426247
93010_AT1,2.513637195,20.3731058,12.09192935
93034_AT1,11.6679305,6.543097637,13.11702787
93100_AT1,38.11948067,61.15971949,4.909728547
93183_AT1,6.682193357,26.26430019,18.59269948
9331_AT1,5.724750658,15.86121755,7.98136148
9334_AT1,6.726608011,66.72308615,61.31001974
9348_AT1,15.34349771,11.19367646,8.736589679
93492_AT1,13.63229878,8.053533377,20.84417298
93517_AT1,7.97053661,12.14096231,6.802125958
9356_AT1,10.11820156,21.13967568,11.66727395
9365_AT1,17.52533734,6.707400417,6.504170711
9374_AT1,6.326156738,3.228709327,4.932637317
9376_AT1,14.59119026,15.90269582,16.11654656
9377_AT1,2.81157635,1.955974431,21.13409152
9380_AT1,57.03031854,33.61844727,32.22867147
9388_AT1,42.69621458,30.03944111,27.72829026
9390_AT1,14.22069486,8.382637457,11.27466199
9394_AT1,9.304996336,19.00770797,10.91866222
93979_AT1,19.01177918,25.583689,14.31369687
94005_AT1,6.684612287,0.12083535,3.145647473
94033_AT1,14.22438155,34.20811416,6.962323482
9415_AT1,7.959903949,7.09031976,8.415629727
9420_AT1,56.07375875,9.620321952,13.15954301
9429_AT1,18.49486942,0.674521838,2.453488618
9435_AT1,14.49792091,20.03931519,8.103192957
9453_AT1,52.59251633,29.57150627,68.67434179
9468_AT1,21.72842861,14.32405184,7.286788041
9469_AT1,5.210840449,2.082212691,6.600193555
948_AT1,426.2916903,432.4272794,463.3049035
9481_AT1,11.48492047,15.20484989,18.27528895
9487_AT1,13.78918762,7.329968483,14.09122964
9488_AT1,33.7948511,57.13379179,10.93443269
9489_AT1,10.95338943,25.76422598,18.56381661
949_AT1,21.58321131,11.05541328,16.84825609
9497_AT1,11.7462814,14.33794448,10.4716884
9498_AT1,12.40595046,9.621977531,26.15968154
95_AT1,14.22311127,10.54742093,1.947477756
9514_AT1,15.51627249,19.88757256,22.10773103
9517_AT1,40.94677088,3.349834886,43.62185175
952_AT1,3.687007312,15.48077142,20.04182622
9524_AT1,16.95174551,4.38290744,9.102194275
953_AT1,3.409362533,20.25020493,13.39526367
9536_AT1,12.57701924,28.06009942,3.825846529
954_AT1,11.74281538,9.841755375,7.671247646
955_AT1,6.266303682,6.785187632,2.056926683
9550_AT1,0,9.38664455,0
956_AT1,7.888350674,11.49730146,9.850073095
9562_AT1,0.37912887,10.95364221,13.02268697
9563_AT1,13.13442169,49.01406899,12.3732025
957_AT1,4.332489166,18.46978563,3.653978164
9583_AT1,22.86346517,1.694442103,5.44292041
9588_AT1,390.4677781,166.9764171,210.8784686
9615_AT1,26.69557139,15.20752723,30.80950656
9651_AT1,30.98074932,21.27370594,13.56307518
9653_AT1,1.128457407,11.55237747,4.524705058
9663_AT1,1.93523963,53.19275239,4.812222671
9677_AT1,7.750441272,3.111051398,6.571220535
97_AT1,16.0100691,1.472719211,16.88749016
9739_AT1,34.56758882,15.47862145,8.41576942
9757_AT1,14.46270049,8.262625039,12.16990899
978_AT1,42.7532776,11.12211936,8.936304082
9789_AT1,60.81057957,0.982156562,16.21131217
9791_AT1,59.63631271,21.06814521,69.93023963
98_AT1,45.00257415,19.36787266,1.253354722
9807_AT1,14.61108215,14.85877551,5.591622914
9843_AT1,15.27046379,17.76479106,15.09271619
9869_AT1,3.052130665,24.5546302,12.72017535
9890_AT1,18.51419024,13.98211594,6.740083985
9896_AT1,25.53053533,6.045367913,17.88908119
9917_AT1,41.46134051,9.264009703,73.35044297
9942_AT1,8.453939664,36.34074884,18.27189759
9945_AT1,1.496533909,29.08302616,96.84910808
9951_AT1,18.04205504,9.62638228,21.02985773
9953_AT1,20.2849587,5.189942417,9.696956714
9955_AT1,22.88347524,5.010617713,8.146010458
9956_AT1,22.60254008,18.50591462,19.71419332
9957_AT1,29.65316577,10.16739474,21.0240695
9962_AT1,64.13583885,17.38783317,1.120337024
9963_AT1,22.00924053,11.1752817,9.677612362
9990_AT1,4.979096441,7.721466016,4.616236736